ID,Article ID,Title,Abstract,AI Keywords,CE Keywords,Source,URL,Published At
1,1,"Bernie Sanders calls for halt on AI data center construction — wants to ensure that the technology benefits ‘all of us, not just the 1%’","U.S. Senator Bernie Sanders is advocating for a pause in AI data center construction to guarantee that the benefits of artificial intelligence technology are accessible to a wider population, not just the wealthiest individuals. Sanders aims to prioritize the equitable distribution of AI advancements for the benefit of all members of society, rather than solely benefiting the top 1%.",ai,construction,Tom's Hardware UK,https://www.tomshardware.com/tech-industry/artificial-intelligence/bernie-sanders-calls-for-halt-on-ai-data-center-construction-wants-to-ensure-that-the-technology-benefits-all-of-us-not-just-the-1-percent,2025-12-17 11:55:34
2,4,"Bernie Sanders Calls For Halt On AI Data Center Construction, Alleges 'Very Very Rich Men' Like Musk, Bezos, Zuckerberg Want More Power And Wealth","Senator Bernie Sanders has urged a stop to new AI data center construction, expressing concerns over the billionaire-led growth of artificial intelligence impacting employment, democracy, and public assets. Sanders highlights the risks associated with the rapid expansion of AI and its potential consequences on power distribution and wealth accumulation by individuals like Musk, Bezos, and Zuckerberg.","artificial intelligence, ai",construction,Biztoc.com,https://biztoc.com/x/a6f569d9735fa5e9,2025-12-17 05:35:04
3,5,Data center company buys Tek Park in Upper Macungie for $175 million,"The St. Louis-based data center company TierPoint has acquired Tek Park in Upper Macungie for $175 million, where they were already leasing a building for their largest data center.",ai,building,Morning Call,https://www.mcall.com/2025/12/16/data-center-tek-park-sale/,2025-12-16 22:07:46
4,15,"The US gained 64,000 jobs in November but lost 105,000 in October; unemployment rate at 4.6%","In November, the US gained 64,000 jobs following a loss of 105,000 jobs in October, with the unemployment rate at 4.6%. Federal worker departures impacted October's figures. Job additions were notable in the healthcare and construction sectors.",ai,construction,The Times of India,https://economictimes.indiatimes.com/news/international/world-news/the-us-gained-64000-jobs-in-november-but-lost-105000-in-october-unemployment-rate-at-4-6/articleshow/126009080.cms,2025-12-16 15:05:43
5,22,Racks of AI chips are too damn heavy,"The article discusses the increasing weight of racks of AI chips due to the rapid growth of data centers globally. Over the past decade, the number of data centers has quadrupled in the US, leading to larger and more numerous facilities. The construction of centers exceeding 100 megawatts is on the rise. This trend highlights the challenges posed by the weight of AI chip racks in data centers and the need for innovative solutions to address this issue.",ai,construction,The Verge,https://www.theverge.com/ai-artificial-intelligence/844966/heavy-ai-data-center-buildout,2025-12-16 13:30:42
6,40,"The Vertiv Pullback: Ignore the Noise, Buy the Data",Vertiv continues to benefit from the artificial intelligence surge with increased capital spending on physical infrastructure by major tech companies. The article advises focusing on data rather than distractions amidst the Vertiv pullback.,"artificial intelligence, ai",infrastructure,MarketBeat,https://www.marketbeat.com/originals/the-vertiv-pullback-ignore-the-noise-buy-the-data/?utm_source=yahoofinance&amp;utm_medium=yahoofinance,2025-12-15 20:23:00
7,42,MEP Service Market Set to Reach US$ 301.10 Billion by 2035 as AI Integration and Renewable Energy Infrastructure Drive Accelerated Project Demand Says Astute Analytica,"The MEP service market is projected to reach US$ 301.10 billion by 2035 driven by AI integration and renewable energy infrastructure. The market growth is fueled by infrastructure expansion despite labor constraints. Opportunities in renewable energy and data center projects are substantial, but project execution is trending towards risk-averse, fixed-price contracts.",ai,infrastructure,GlobeNewswire,https://www.globenewswire.com/news-release/2025/12/15/3205742/0/en/MEP-Service-Market-Set-to-Reach-US-301-10-Billion-by-2035-as-AI-Integration-and-Renewable-Energy-Infrastructure-Drive-Accelerated-Project-Demand-Says-Astute-Analytica.html,2025-12-15 18:00:00
8,68,AI agents help solar farm developer navigate shifting needs and regulations,"This article discusses how AI agents assist Novel Energy Solutions LLC in adapting to changing needs and regulations in developing solar farms efficiently. The company, based in Saint Paul, Minnesota, has successfully completed over 75 community solar garden projects since its establishment in 2012. The integration of AI technology has enabled the company to navigate the complexities of the solar energy industry with precision and effectiveness, ensuring successful project outcomes amidst evolving requirements.",ai,building,SiliconANGLE News,https://siliconangle.com/2025/12/13/ai-agents-help-solar-farm-developer-navigate-shifting-needs-regulations/,2025-12-13 20:03:04
9,85,Oracle denies report on OpenAI data center delays,"Oracle refuted claims of delaying OpenAI data centers, countering investor concerns on its AI infrastructure expansion. Share prices initially dropped by 3.6% post-report but later recovered.",ai,infrastructure,The Times of India,https://economictimes.indiatimes.com/tech/technology/oracle-denies-report-on-openai-data-center-delays/articleshow/125939214.cms,2025-12-12 18:48:27
10,89,Oracle denies report on OpenAI data center delays,"Oracle, OpenAI ile ilgili veri merkezlerinin geciktiğine dair bir medya raporunu reddetti. Bloomberg News'e göre Oracle, borçla finanse edilen yapay zeka altyapısının genişlemesi nedeniyle yatırımcı endişeleri üzerine OpenAI'ye bağlı veri merkezlerini ertelediği iddialarını yalanladı.",ai,infrastructure,CNA,https://www.channelnewsasia.com/business/oracle-denies-report-openai-data-center-delays-5579506,2025-12-12 16:17:37
11,106,Photovoltaic power interval prediction with conditional error dependency using Bayesian optimized deep learning,"Accurate photovoltaic (PV) power forecasting is crucial for economic dispatch and grid reliability. This study introduces a method for short-term PV power interval prediction considering uncertainty in generation. The approach incorporates conditional error dependency using Bayesian optimized deep learning. By enhancing prediction accuracy, this model contributes to efficient grid management and renewable energy integration.","ai, deep learning",foundation,Nature.com,https://www.nature.com/articles/s41598-025-19602-6,2025-12-13 00:00:00
12,112,"Andhra CM Naidu To Lay Foundation For Cognizant Campus, Eight Other Companies In Visakhapatnam","Andhra Pradesh Chief Minister N Chandrababu Naidu will lay the foundation for the construction of global IT company Cognizant and eight other companies in Visakhapatnam, emphasizing the state's focus on attracting investments and boosting the IT sector. This initiative highlights the government's efforts to promote economic growth and create job opportunities in the region.",ai,"construction, foundation",Ndtvprofit.com,https://www.ndtvprofit.com/business/andhra-cm-naidu-to-lay-foundation-for-cognizant-campus-eight-other-companies-in-visakhapatnam,2025-12-12 04:27:17
13,115,Passive determination of anisotropic compressive strength of 3D printed concrete using multiple neural networks enhanced with explainable machine learning (XML),"This study presents a method for passively determining the anisotropic compressive strength of 3D printed concrete. Multiple neural networks, enhanced with explainable machine learning (XML), are utilized for this purpose. The approach aims to provide insights into the factors influencing the compressive strength of 3D printed concrete in different directions. The findings of this research contribute to the understanding of anisotropic behavior in 3D printed concrete, offering potential improvements in structural design and material optimization.","machine learning, neural, ai, neural network, ml",concrete,Nature.com,https://www.nature.com/articles/s41598-025-11068-w,2025-12-12 00:00:00
14,119,ETHIAD: A novel explainable model for detecting illicit accounts on Ethereum,"ETHIAD is introduced as a novel explainable model for detecting illicit accounts on Ethereum. With Ethereum's rise in financial activities, it has also attracted criminal behaviors like fraud and money laundering. The model aims to enhance fraud detection on the platform, providing transparency and accountability. By addressing illicit activities, ETHIAD contributes to maintaining the integrity of Ethereum's ecosystem.",ai,construction,Plos.org,https://journals.plos.org/plosone/article?id=10.1371/journal.pone.0338366,2025-12-11 14:00:00
15,126,"Technical Program Manager, Machine Learning, Program Management Office, Execution Readiness","This article discusses the role of a Technical Program Manager in Machine Learning within a Program Management Office, focusing on Execution Readiness. Minimum qualifications include a Bachelor’s degree in Engineering or Construction Management. The position offers work locations in Dublin, Ireland, or London, UK. The article emphasizes the importance of this role in coordinating technical projects and ensuring successful execution in the field of Machine Learning.",machine learning,"construction, engineering",Nlppeople.com,https://nlppeople.com/job/technical-program-manager-machine-learning-program-management-office-execution-readiness/,2025-12-11 00:00:00
16,136,Principal AI Engineer,"The article ""Principal AI Engineer"" discusses the role of a Principal AI Engineer in a team developing AI-based tools for the construction industry. The focus is on designing intelligent AI agents and copilots. This position involves working in a dynamic environment to create next-generation solutions.",ai,"construction, building",Nlppeople.com,https://nlppeople.com/job/principal-ai-engineer-3/,2025-12-10 00:00:00
17,140,5 Cutting-Edge AutoML Techniques to Watch in 2026,This article highlights five cutting-edge AutoML techniques and trends that will influence highly automated machine learning model building in the upcoming year of 2026.,"machine learning, ml",building,Kdnuggets.com,https://www.kdnuggets.com/5-cutting-edge-automl-techniques-to-watch-in-2026,2025-12-09 13:00:07
18,150,Govt tells IndiaAI developers to fix bias checks in AI models,"The Indian government urges developers to address bias issues in AI models to prevent perpetuating historical stereotypes related to caste, gender, and regional differences. This emphasizes the importance of ensuring that indigenous foundational AI models are free from such biases.",ai,foundation,The Times of India,https://economictimes.indiatimes.com/tech/artificial-intelligence/govt-tells-indiaai-developers-to-fix-bias-checks-in-ai-models/articleshow/125819705.cms,2025-12-08 00:30:00
19,171,Dave’s Hot Chicken is placing broad bets on AI to give the restaurant chain an edge in the chicken wars,"Dave's Hot Chicken is strategically leveraging AI technology across various aspects of its operations to gain a competitive advantage in the fiercely competitive chicken industry. Investments in AI extend to drive-thru services, mobile ordering, food delivery, and optimizing efficiency at the french fry station. This proactive approach underscores the restaurant chain's commitment to innovation and enhancing customer experience in the evolving landscape of the food industry.",ai,road,Fortune,https://fortune.com/2025/12/03/daves-hot-chicken-is-placing-broad-bets-on-ai-to-give-the-restaurant-chain-an-edge-in-the-chicken-wars/,2025-12-03 17:44:27
20,172,BAGEL: Protein engineering via exploration of an energy landscape,,"ai, deep learning",engineering,Plos.org,https://journals.plos.org/ploscompbiol/article?id=10.1371/journal.pcbi.1013774,2025-12-03 14:00:00
21,176,Building mentally healthy cities with neuroscience,,ai,building,Nature.com,https://www.nature.com/articles/d41586-025-03929-1,2025-12-03 00:00:00
22,177,Mamdani and Technology: What New York’s Built Environment Might Expect,,ai,building,Commercial Observer,http://commercialobserver.com/2025/12/mamdani-technology-proptech-commercial-real-estate/,2025-12-02 14:00:24
23,180,TransCore Secures First Tolling Contract in Australia for Sydney’s New Western Harbour Tunnel,,ml,tunnel,GlobeNewswire,https://www.globenewswire.com/news-release/2025/12/02/3197891/0/en/TransCore-Secures-First-Tolling-Contract-in-Australia-for-Sydney-s-New-Western-Harbour-Tunnel.html,2025-12-02 13:01:00
24,182,An explainable machine learning framework for multi-objective carbon reduction targeting material operational seasonal emissions in building retrofits,,"machine learning, ai",building,Nature.com,https://www.nature.com/articles/s41598-025-29418-z,2025-12-02 00:00:00
25,194,Bobyard Raises $35 Million Series A to Power How the World Gets Built,,ai,construction,Financial Post,https://financialpost.com/pmn/business-wire-news-releases-pmn/bobyard-raises-35-million-series-a-to-power-how-the-world-gets-built,2025-12-10 14:02:29
26,195,Buildcheck Raises $5.9M to Launch AI-Powered Construction Design Review Platform,,ai,construction,GlobeNewswire,https://www.globenewswire.com/news-release/2025/12/09/3202554/0/en/Buildcheck-Raises-5-9M-to-Launch-AI-Powered-Construction-Design-Review-Platform.html,2025-12-09 15:02:00
27,206,"Data Centers, AI, and Energy: Everything You Need to Know",,ai,structural,Yahoo Entertainment,https://finance.yahoo.com/news/data-centers-ai-energy-everything-220000884.html,2025-11-25 22:00:00
28,208,Physical AI in practice: Technical foundations that fuel human-machine interactions,,ai,foundation,Amazon.com,https://aws.amazon.com/blogs/machine-learning/physical-ai-in-practice-technical-foundations-that-fuel-human-machine-interactions/,2025-11-25 17:00:25
29,210,AI in Textile Market Size to Worth USD 68.44 Billion by 2035,,ai,materials,GlobeNewswire,https://www.globenewswire.com/news-release/2025/11/19/3190639/0/en/AI-in-Textile-Market-Size-to-Worth-USD-68-44-Billion-by-2035.html,2025-11-19 08:18:00
30,211,China’s AI cities are watching,,ai,smart city,Americanthinker.com,https://www.americanthinker.com/blog/2025/11/china_s_ai_cities_are_watching.html,2025-11-19 05:00:00
31,225,"From early cars to generative AI, new technologies create demand for specialized materials",,"generative, ai",materials,The Conversation Africa,https://theconversation.com/from-early-cars-to-generative-ai-new-technologies-create-demand-for-specialized-materials-269241,2025-12-10 13:34:56
32,226,Enterprise AR and VR: Building the UC business case,,ai,building,Techtarget.com,https://www.techtarget.com/searchunifiedcommunications/tip/Enterprise-AR-and-VR-Building-the-UC-business-case,2025-12-09 14:08:00
33,235,Should form always follow function? Architect Ole Scheeren isn’t sure: ‘We think of buildings as living organisms’,,ai,building,Fortune,https://fortune.com/2025/12/04/should-form-always-follow-function-ole-scheeren/,2025-12-04 06:31:23
34,243,Do AI data centres have a PR problem? A look inside a ‘sustainable’ high-tech facility,,"artificial intelligence, generative, ai",building,CBC News,https://www.cbc.ca/news/canada/calgary/data-centre-public-perception-alberta-9.6996740,2025-12-02 12:00:00
35,246,Trane Technologies and AWS Collaborate to Accelerate Energy Efficiency and Building Decarbonization across Amazon Grocery Fulfillment Centers in North America,,ai,building,Financial Post,https://financialpost.com/pmn/business-wire-news-releases-pmn/trane-technologies-and-aws-collaborate-to-accelerate-energy-efficiency-and-building-decarbonization-across-amazon-grocery-fulfillment-centers-in-north-america,2025-12-01 14:10:02
36,249,Building with AI-DLC using Amazon Q Developer,,"generative, ai",building,Amazon.com,https://aws.amazon.com/blogs/devops/building-with-ai-dlc-using-amazon-q-developer/,2025-11-29 21:07:21
37,260,"AI pay gains could peak soon, but a Penn professor sees a way out",,ai,road,Business Insider,https://www.businessinsider.com/ai-wage-gains-could-peak-soon-professor-on-solutions-investment-2025-11,2025-11-26 12:39:51
38,265,"The New Trivium, the Human Intelligence AI Cannot Replace",,ai,construction,Psychology Today,https://www.psychologytoday.com/us/blog/innovation-you/202511/the-new-trivium-the-human-intelligence-ai-cannot-replace,2025-11-24 21:30:20
39,276,World first: AI tells humans how to build a high-speed rail tunnel in China,,ai,tunnel,The Star Online,https://www.thestar.com.my/tech/tech-news/2025/11/20/world-first-ai-tells-humans-how-to-build-a-high-speed-rail-tunnel-in-china,2025-11-20 03:00:00
40,279,Siemens and Samsung C&T Partner to Drive Next-Generation Infrastructure Projects,,automation,infrastructure,POWER magazine,https://www.powermag.com/siemens-and-samsung-ct-partner-to-drive-next-generation-infrastructure-projects/,2025-11-18 13:23:40
41,282,Adding thousands of roof:colour tags for fun and not really for profit,,ai,building,Openstreetmap.org,https://www.openstreetmap.org/user/PizzaTreeIsland/diary/407928,2025-12-15 16:37:24
42,286,Scalable Construction of Spiking Neural Networks using up to thousands of GPUs,,"neural, neural network","construction, engineering",Arxiv.org,https://arxiv.org/abs/2512.09502,2025-12-10 10:27:31
43,288,"The Q, K, V Matrices",,ai,construction,Arpitbhayani.me,https://arpitbhayani.me/blogs/qkv-matrices/,2025-12-04 12:37:00
44,296,A virtual platform for automated hybrid organic-enzymatic synthesis planning,,ai,construction,Nature.com,https://www.nature.com/articles/s41467-025-65898-3,2025-11-26 00:00:00
45,308,Simulate Robotic Environments Faster with NVIDIA Isaac Sim and World Labs Marble,,robotics,building,Nvidia.com,https://developer.nvidia.com/blog/simulate-robotic-environments-faster-with-nvidia-isaac-sim-and-world-labs-marble/,2025-12-15 21:14:24
46,311,"Foxconn May be Building a New $174m Plant in Kentucky, But It’s Probably Not for Apple",,ai,building,Mactrast.com,https://www.mactrast.com/2025/12/foxconn-may-be-building-a-new-174m-plant-in-kentucky-but-its-probably-not-for-apple/,2025-12-15 13:33:56
47,317,3D Concrete Printing Market Size to Reach USD 16.64 Billion by 2033 Caused by the Rising Demand for Sustainable and Rapid Construction Solutions Globally | SNS Insider,,ai,"construction, concrete, smart city",GlobeNewswire,https://www.globenewswire.com/news-release/2025/12/12/3204587/0/en/3D-Concrete-Printing-Market-Size-to-Reach-USD-16-64-Billion-by-2033-Caused-by-the-Rising-Demand-for-Sustainable-and-Rapid-Construction-Solutions-Globally-SNS-Insider.html,2025-12-12 12:30:00
48,319,UK to Spend Nearly $8 Billion on Construction of Submarines for AUKUS,,ai,construction,Globalsecurity.org,https://www.globalsecurity.org/wmd/library/news/uk/2025/uk-251211-sputnik01.htm,2025-12-12 10:13:31
49,321,SecureTech Directs AI UltraProd’s U.S. Expansion Through High-Growth ADU Market,,ai,construction,GlobeNewswire,https://www.globenewswire.com/news-release/2025/12/11/3204230/0/en/SecureTech-Directs-AI-UltraProd-s-U-S-Expansion-Through-High-Growth-ADU-Market.html,2025-12-11 18:30:00
50,326,UK to Spend Nearly $8 Billion on Construction of Submarines for AUKUS,,ai,construction,Sputnikglobe.com,https://sputnikglobe.com/20251211/uk-to-spend-nearly-8-billion-on-construction-of-submarines-for-aukus-1123274897.html,2025-12-11 09:29:54
51,335,Navy invests $448 million in Palantir tech to speed up shipbuilding with AI,,ai,building,New York Post,https://nypost.com/2025/12/09/us-news/new-navy-initiative-leverages-palantir-ai-software-to-streamline-shipbuilding/,2025-12-10 01:24:35
52,363,Unlimited Industries’ AI-Powered Construction Raises $12 Million Seed Round,,ai,"construction, infrastructure",Forbes,https://www.forbes.com/sites/charliefink/2025/12/03/unlimited-industries-ai-powered-construction-raises-12-million-seed-round/,2025-12-03 13:00:00
53,370,NASA’s Fly Foundational Robots Demo to Bolster In-Space Infrastructure,,ai,"infrastructure, foundation",NASA,https://www.nasa.gov/centers-and-facilities/goddard/nasas-fly-foundational-robots-demo-to-bolster-in-space-infrastructure/,2025-12-02 19:36:43
54,373,Modular Construction Market Positioned to Reach US$ 155.2 Billion by 2033 | Astute Analytica,,ai,construction,GlobeNewswire,https://www.globenewswire.com/news-release/2025/12/02/3198105/0/en/Modular-Construction-Market-Positioned-to-Reach-US-155-2-Billion-by-2033-Astute-Analytica.html,2025-12-02 14:30:00
55,375,Build the Best Parts First,,ai,tunnel,Seattletransitblog.com,https://seattletransitblog.com/2025/12/16/build-the-best-parts-first/,2025-12-16 15:31:49
56,379,ArchiCAD 29.0.2 (Intel ),,ai,"construction, concrete",Rlsbb.to,https://post.rlsbb.to/archicad-29-0-2-intel/,2025-12-15 18:01:42
57,382,Indonesia's productivity gap threatens long-term economic growth,,ai,infrastructure,Antaranews.com,https://en.antaranews.com/news/396601/indonesias-productivity-gap-threatens-long-term-economic-growth,2025-12-15 14:33:18
58,384,"Trends & Strategies Driving the Thermoforming Plastic Market, 2025-2032 - Growth in Sustainability Initiatives and Advancements in Automation are Reshaping Supply Chains and Operational Models",,"automation, ai",sustainability,GlobeNewswire,https://www.globenewswire.com/news-release/2025/12/15/3205219/28124/en/Trends-Strategies-Driving-the-Thermoforming-Plastic-Market-2025-2032-Growth-in-Sustainability-Initiatives-and-Advancements-in-Automation-are-Reshaping-Supply-Chains-and-Operational.html,2025-12-15 10:23:00
59,426,Economic Digest: Nepal’s Business News in a Snap,,ai,structural,Khabarhub.com,https://english.khabarhub.com/2025/06/510358/,2025-12-06 02:15:10
60,399,ARKANCE to Launch BIMLOGIQ – A New AI-Powered Extension to Its AEC Tech Stack Offering,,"ai, ml",bim,BusinessLine,https://www.thehindubusinessline.com/brandhub/pr-release/arkance-to-launch-bimlogiq-a-new-ai-powered-extensionto-itsaec-tech-stack-offering/article70383320.ece,2025-12-11 07:55:00
61,406,"Global Carpets & Rugs Market to Surpass USD 59B by 2030 Supported by Escalating Style-Driven Interior Enhancements and Fastest Growth from APAC Region, Reports Mordor Intelligence",,ai,road,GlobeNewswire,https://www.globenewswire.com/news-release/2025/12/10/3203270/0/en/Global-Carpets-Rugs-Market-to-Surpass-USD-59B-by-2030-Supported-by-Escalating-Style-Driven-Interior-Enhancements-and-Fastest-Growth-from-APAC-Region-Reports-Mordor-Intelligence.html,2025-12-10 14:34:00
62,408,"The Forbes Group Method: Aligning Strategy, Systems, and Human Leadership",,ai,sustainability,International Business Times,https://www.ibtimes.com/forbes-group-method-aligning-strategy-systems-human-leadership-3792207,2025-12-09 19:46:13
63,410,InQI Inc Launches Seamless Code Compliance Copilot for AEC Industry 2025,,ml,"construction, engineering",GlobeNewswire,https://www.globenewswire.com/news-release/2025/12/09/3202538/0/en/InQI-Inc-Launches-Seamless-Code-Compliance-Copilot-for-AEC-Industry-2025.html,2025-12-09 15:00:00
64,423,"Global Plastics Market Outlook Report 2025-2035 - Innovations in Bioplastics, Smart Polymers, and Automation Set to Elevate Operational Efficiency and Mitigate Environmental Impacts",,automation,materials,GlobeNewswire,https://www.globenewswire.com/news-release/2025/12/08/3201329/28124/en/Global-Plastics-Market-Outlook-Report-2025-2035-Innovations-in-Bioplastics-Smart-Polymers-and-Automation-Set-to-Elevate-Operational-Efficiency-and-Mitigate-Environmental-Impacts.html,2025-12-08 10:28:00
65,437,Why Taiwan Semiconductor's 6.5% Dip Could Be a Smart Buy,,"artificial intelligence, ai",structural,MarketBeat,https://www.marketbeat.com/originals/why-taiwan-semiconductors-65-dip-could-be-a-smart-buy/?utm_source=yahoofinance&amp;utm_medium=yahoofinance,2025-12-16 23:39:00
66,438,Welcome to AI-native VC: A $50M fund claims it can do what used to take $500M,,ai,building,Digital Journal,https://www.digitaljournal.com/tech-science/welcome-to-ai-native-vc-a-50m-fund-claims-it-can-do-what-used-to-take-500m/article,2025-12-16 23:06:27
67,460,Dell and HP Are Raising Prices—And Investors Should Take Note,,ai,infrastructure,MarketBeat,https://www.marketbeat.com/originals/dell-and-hp-are-raising-pricesand-investors-should-take-note/?utm_source=yahoofinance&amp;utm_medium=yahoofinance,2025-12-15 23:03:00
68,462,MIKE DAVIS: The rules governing local TV are older than the internet. That's insane,,ai,road,Fox News,https://www.foxnews.com/opinion/mike-davis-rules-governing-local-tv-older-than-internet-thats-insane,2025-12-15 21:12:45
69,463,What Kind of World Is AI Building?,,ai,building,Ssir.org,https://ssir.org/articles/entry/ideologies-behind-artificial-intelligence,2025-12-15 18:00:00
70,489,Metal Injection Molding (MIM) Industry Size to Double by 2032 Reaching $11.35 Billion - Rapid Adoption of Micro MIM for Next-Generation Medical Implant Components,,ai,materials,GlobeNewswire,https://www.globenewswire.com/news-release/2025/12/12/3204772/28124/en/Metal-Injection-Molding-MIM-Industry-Size-to-Double-by-2032-Reaching-11-35-Billion-Rapid-Adoption-of-Micro-MIM-for-Next-Generation-Medical-Implant-Components.html,2025-12-12 15:45:00
71,505,Real-time concrete strength monitoring using piezoelectric sensors and deep learning,,deep learning,concrete,Nature.com,https://www.nature.com/articles/s41467-025-67168-8,2025-12-12 00:00:00
72,520,Can scientists detect life without knowing what it looks like,,ai,building,Space Daily,https://www.spacedaily.com/reports/Can_scientists_detect_life_without_knowing_what_it_looks_like_999.html,2025-12-16 09:54:14
73,527,First-principles and machine learning investigation of the structural and optoelectronic properties of dodecaphenylyne: a novel carbon allotrope,,machine learning,structural,Royal Society of Chemistry,https://pubs.rsc.org/en/content/articlelanding/2026/nr/d5nr02744f,2025-12-15 00:00:00
74,529,Bible 1.0: How Ancient Canon Became Our First Large Language Models,,ai,structural,Space Daily,https://www.spacedaily.com/reports/Bible_v1_How_Ancient_Canon_Became_Our_First_Large_Language_Models_999.html,2025-12-14 12:09:00
75,537,"Predictive Oncology Becomes Axe Compute, Expanding Into High-Performance AI Infrastructure",,ai,infrastructure,GlobeNewswire,https://www.globenewswire.com/news-release/2025/12/12/3204603/37244/en/Predictive-Oncology-Becomes-Axe-Compute-Expanding-Into-High-Performance-AI-Infrastructure.html,2025-12-12 13:00:00
76,546,Prediction of pavement performance via smatrphone vibration-induced unevenness signature using machine learning,,"machine learning, ai",road,Nature.com,https://www.nature.com/articles/s41598-025-31996-x,2025-12-11 00:00:00
77,554,Engineering class I terpene synthases for skeletal diversity: strategies and applications,,ai,engineering,Royal Society of Chemistry,https://pubs.rsc.org/en/content/articlelanding/2026/np/d5np00066a,2025-12-10 00:00:00
78,562,"At the Intersection of AI, Engineering, and Human Learning",,ai,"engineering, road",The Punch,https://punchng.com/at-the-intersection-of-ai-engineering-and-human-learning/,2025-12-09 10:40:38
79,573,R2GDN: RepGhost based residual dense network for image super-resolution,,ai,construction,Plos.org,https://journals.plos.org/plosone/article?id=10.1371/journal.pone.0338432,2025-12-12 14:00:00
80,577,SlingBAG: point cloud-based iterative algorithm for large-scale 3D photoacoustic imaging,,algorithm,construction,Nature.com,https://www.nature.com/articles/s41467-025-66855-w,2025-12-06 00:00:00
81,585,Artificial intelligence foundation model automates cryo-EM structure determination,,"artificial intelligence, ai",foundation,Nature.com,https://www.nature.com/articles/s41592-025-02917-7,2025-12-01 00:00:00
82,586,A comprehensive foundation model for cryo-EM image processing,,ai,foundation,Nature.com,https://www.nature.com/articles/s41592-025-02916-8,2025-11-27 00:00:00
83,592,Cameras on 600 buses to record violations and issue tickets in real time – How the AI-powered system will work,,ai,infrastructure,Protothema.gr,https://en.protothema.gr/2025/11/22/cameras-on-600-buses-to-record-violations-and-issue-tickets-in-real-time-how-the-ai-powered-system-will-work/,2025-11-22 06:48:00
84,607,OpenAI: AI Business Adoption Soars as Employees Save Over an Hour Daily,,"artificial intelligence, generative, ai",structural,pymnts.com,https://www.pymnts.com/artificial-intelligence-2/2025/openai-ai-business-adoption-soars-as-employees-save-over-an-hour-daily/,2025-12-09 20:53:59
85,610,3Q25 global top 20 EMS/ODM rankings: Chinese firms shift to automotive electronics and AI servers,,"generative, ai",structural,Digitimes,https://www.digitimes.com/news/a20251208PD207/ai-server-automotive-electronics-manufacturing-growth-china-2025.html,2025-12-08 04:49:39
86,611,"Strategic autonomy in AI needs public investment across data, models, talent and governance",,ai,"infrastructure, foundation",The Times of India,https://economictimes.indiatimes.com/opinion/et-commentary/strategic-autonomy-in-ai-needs-public-investment-across-data-models-talent-and-governance/articleshow/125819750.cms,2025-12-07 17:33:44
87,618,North American EMS firms gain new influence as AI transforms the industry,,"generative, ai",structural,Digitimes,https://www.digitimes.com/news/a20251204PD221/north-america-ems-revenue-digitimes-2025.html,2025-12-04 23:53:34
88,633,India’s GCCs turn key testing ground for agentic AI ideas,,"automation, ai",engineering,The Times of India,https://economictimes.indiatimes.com/tech/artificial-intelligence/indias-gccs-turn-key-testing-ground-for-agentic-ai-ideas/articleshow/125678088.cms,2025-12-01 00:30:00
89,641,"How Myriad Genetics achieved fast, accurate, and cost-efficient document processing using the AWS open-source Generative AI Intelligent Document Processing Accelerator",,"generative, ai",foundation,Amazon.com,https://aws.amazon.com/blogs/machine-learning/how-myriad-genetics-achieved-fast-accurate-and-cost-efficient-document-processing-using-the-aws-open-source-generative-ai-intelligent-document-processing-accelerator/,2025-11-27 00:58:14
90,649,How Wipro PARI accelerates PLC code generation using Amazon Bedrock,,"automation, ml",engineering,Amazon.com,https://aws.amazon.com/blogs/machine-learning/how-wipro-pari-accelerates-plc-code-generation-using-amazon-bedrock/,2025-11-21 16:10:26
91,653,Cisco expands secure-by-default strategy with new resilient infrastructure initiative,,ai,infrastructure,SiliconANGLE News,https://siliconangle.com/2025/11/20/cisco-expands-secure-default-strategy-new-resilient-infrastructure-initiative/,2025-11-20 22:50:02
92,661,Project Gecko: Microsoft’s new approach for expanding AI access in low-resource regions,,ai,building,The Times of India,https://economictimes.indiatimes.com/magazines/panache/project-gecko-microsofts-new-approach-for-expanding-ai-access-in-low-resource-regions/articleshow/125409207.cms,2025-11-18 10:29:52
93,675,Neel Somani Explains How Intelligent Systems Are Built to Scale,,ai,structural,International Business Times,https://www.ibtimes.com/neel-somani-explains-how-intelligent-systems-are-built-scale-3791886,2025-12-04 01:01:21
94,702,The salt in the AI cake: seven emerging jobs no one is preparing for,,ai,building,Uxdesign.cc,https://uxdesign.cc/the-salt-in-the-ai-cake-seven-emerging-jobs-no-one-is-preparing-for-8c2664a452a3,2025-11-18 23:18:59
95,703,AllergenAI: a deep learning model predicting allergenicity based on protein sequence,,"ai, deep learning",engineering,Biomedcentral.com,https://bmcbioinformatics.biomedcentral.com/articles/10.1186/s12859-025-06302-1,2025-11-18 00:00:00
96,721,Preventive health care architecture: a global lesson,,ai,building,Kevinmd.com,https://kevinmd.com/2025/12/preventive-health-care-architecture-a-global-lesson.html,2025-12-08 18:00:29
97,733,Honda next-gen mid-size platform for Civic/CR-V and new mid-size e:HEV hybrid system sampled in Japan,,ai,road,Paul Tan's Automotive News,https://paultan.org/2025/12/03/honda-next-gen-mid-size-platform-for-civic-cr-v-and-new-mid-size-ehev-hybrid-system-sampled-in-japan/,2025-12-03 04:14:08
98,756,Betting on the Backbone: 3 AI Infrastructure Stocks,,"artificial intelligence, ai",infrastructure,MarketBeat,https://www.marketbeat.com/originals/betting-on-the-backbone-3-ai-infrastructure-stocks/?utm_source=yahoofinance&amp;utm_medium=yahoofinance,2025-11-25 15:23:00
99,757,"Construction Robots Business Analysis Report 2025: Market to Reach $659.7 Billion by 2030, Fueled by Demolition Robots, Labor Shortage, and Cost Reduction in Robotic Technology",,"machine learning, robotics, ai",construction,GlobeNewswire,https://www.globenewswire.com/news-release/2025/11/25/3194453/28124/en/Construction-Robots-Business-Analysis-Report-2025-Market-to-Reach-659-7-Billion-by-2030-Fueled-by-Demolition-Robots-Labor-Shortage-and-Cost-Reduction-in-Robotic-Technology.html,2025-11-25 14:34:00
100,774,Billionaire Gina Rinehart Is Now the Top Investor in MP Materials. Should You Follow the Money and Buy MP Stock Too?,,ai,materials,Barchart.com,https://www.barchart.com/story/news/36238445/billionaire-gina-rinehart-is-now-the-top-investor-in-mp-materials-should-you-follow-the-money-and-buy-mp-stock-too,2025-11-20 20:24:23
101,779,(PR) SK Hynix Shares Next-Generation AI Memory Strategy and Roadmap at the SK AI Summit 2025,,ai,road,Techpowerup.com,https://www.techpowerup.com/343104/sk-hynix-shares-next-generation-ai-memory-strategy-and-roadmap-at-the-sk-ai-summit-2025,2025-11-20 09:42:21
102,784,"From factories to fulfillment centers, more layoffs hit U.S. supply chains",,ai,transport,Yahoo Entertainment,https://finance.yahoo.com/news/factories-fulfillment-centers-more-layoffs-220552669.html,2025-12-16 22:05:52
103,811,Lenovo Expands ThinkSystem and ThinkAgile Portfolio for AI-Ready Storage and Virtualization,,ai,infrastructure,Storagereview.com,https://www.storagereview.com/news/lenovo-expands-thinksystem-and-thinkagile-portfolio-for-ai-ready-storage-and-virtualization,2025-12-10 17:20:27
104,813,Show HN: Wirebrowser – A JavaScript Debugger with Breakpoint-Driven Heap Search,,ai,building,Github.com,https://github.com/fcavallarin/wirebrowser,2025-12-10 14:30:43
105,832,"AstroX Finance Debuts Livestream-Powered Multichain Platform, Establishing a New Standard for Creator-Led Token Economies",,ai,infrastructure,GlobeNewswire,https://www.globenewswire.com/news-release/2025/12/08/3201354/0/en/AstroX-Finance-Debuts-Livestream-Powered-Multichain-Platform-Establishing-a-New-Standard-for-Creator-Led-Token-Economies.html,2025-12-08 11:04:00
106,833,Platform Engineering vs. DevOps: The New Paradigm Shaping Developer Experience in 2026,,ai,engineering,Javacodegeeks.com,https://www.javacodegeeks.com/2025/12/platform-engineering-vs-devops-the-new-paradigm-shaping-developer-experience-in-2026.html,2025-12-08 06:01:00
107,834,The AI Wildfire Is Coming. It's Going to Be Painful and Healthy,,ai,infrastructure,Substack.com,https://ceodinner.substack.com/p/the-ai-wildfire-is-coming-its-going,2025-12-07 16:43:38
108,835,TÜV Rheinland Elevates Construction Safety and Confidence with Geotechnical Services,,ai,"construction, geotechnical",PR Newswire UK,https://www.prnewswire.co.uk/news-releases/tuv-rheinland-elevates-construction-safety-and-confidence-with-geotechnical-services-302635341.html,2025-12-11 03:30:00
109,838,"Saudi Arabia Drilling Rigs Industry Forecast Report 2025-2034: Shelf Drilling, KCA Deutag, and Schlumberger Lead through Expanding Offshore Capacity and Advanced Well Services",,ai,geotechnical,GlobeNewswire,https://www.globenewswire.com/news-release/2025/11/24/3193612/28124/en/Saudi-Arabia-Drilling-Rigs-Industry-Forecast-Report-2025-2034-Shelf-Drilling-KCA-Deutag-and-Schlumberger-Lead-through-Expanding-Offshore-Capacity-and-Advanced-Well-Services.html,2025-11-24 14:42:00
110,851,Employment market stumbles under policy uncertainty,,ai,road,Rolling Out,https://rollingout.com/2025/12/16/employment-market-stumbles/,2025-12-16 15:17:38
111,857,"Coinbase, Robinhood Join Newly Formed 'Tech Force' to Direct Talent to US Government",,ai,infrastructure,Decrypt,https://decrypt.co/352515/coinbase-robinhood-join-newly-formed-tech-force-to-direct-talent-to-us-government,2025-12-16 10:23:55
112,866,Decentralized trust optimization in VANETs: A blockchain-driven hybrid PoS-PBFT architecture for enhanced security and energy-efficient communication,,ai,"infrastructure, transport",Plos.org,https://journals.plos.org/plosone/article?id=10.1371/journal.pone.0338618,2025-12-15 14:00:00
113,868,Rail Vision Granted Key Patent in Europe for Advanced AI-Based Railway Collision Avoidance System,,ai,building,GlobeNewswire,https://www.globenewswire.com/news-release/2025/12/15/3205450/0/en/Rail-Vision-Granted-Key-Patent-in-Europe-for-Advanced-AI-Based-Railway-Collision-Avoidance-System.html,2025-12-15 13:32:00
114,870,IT Sustainability Think Tank: Perspectives on the print industry's net-zero push in 2025,,ai,sustainability,ComputerWeekly.com,https://www.computerweekly.com/opinion/IT-Sustainability-Think-Tank-Perspectives-on-the-print-industrys-net-zero-push-in-2025,2025-12-15 04:59:00
115,879,US forms Pax Silica with allies central to global AI and chip supply chains,,ai,building,ANI News,https://www.aninews.in/news/business/us-forms-pax-silica-with-allies-central-to-global-ai-and-chip-supply-chains20251213131526,2025-12-13 08:06:13
116,880,Award-Winning CTO Gaurav Sharda Advances AI-Driven Modernization in Special-Needs Student Transportation Nationwide,,ai,transport,International Business Times,https://www.ibtimes.com/award-winning-cto-gaurav-sharda-advances-ai-driven-modernization-special-needs-student-3792511,2025-12-12 19:58:49
117,887,Rail Vision: Quantum AI Powers Next-Gen Rail Safety Breakthroughs,,ai,transport,GlobeNewswire,https://www.globenewswire.com/news-release/2025/12/12/3204642/0/en/Rail-Vision-Quantum-AI-Powers-Next-Gen-Rail-Safety-Breakthroughs.html,2025-12-12 13:37:00
118,896,Trends in Edible Oil Packaging Market 2025-2035,,ai,sustainability,GlobeNewswire,https://www.globenewswire.com/news-release/2025/12/11/3204113/0/en/Trends-in-Edible-Oil-Packaging-Market-2025-2035.html,2025-12-11 16:11:00
119,899,"Railroads and Climate Risk, West Virginia Police, Streamer Awards 2025, More: Thursday ResearchBuzz, December 11, 2025",,ai,"infrastructure, road",Researchbuzz.me,https://researchbuzz.me/2025/12/11/railroads-and-climate-risk-west-virginia-police-streamer-awards-2025-more-thursday-researchbuzz-december-11-2025/,2025-12-11 13:01:37
120,906,Google and Microsoft Race to Rewrite Big Tech’s Playbook,,"artificial intelligence, robotics, ai",infrastructure,pymnts.com,https://www.pymnts.com/artificial-intelligence-2/2025/google-and-microsoft-race-to-rewrite-big-techs-playbook/,2025-12-10 23:29:21
121,915,Sustainable Aviation Fuel Market Size to Worth USD 357.41 Billion by 2035 - Exclusive Report by Towards Chemical and Materials,,ai,materials,GlobeNewswire,https://www.globenewswire.com/news-release/2025/12/10/3203255/0/en/Sustainable-Aviation-Fuel-Market-Size-to-Worth-USD-357-41-Billion-by-2035-Exclusive-Report-by-Towards-Chemical-and-Materials.html,2025-12-10 14:20:00
122,916,AI Power Surge and Energy Transition Push Global Project Finance into a New Era,,ai,infrastructure,Financial Post,https://financialpost.com/pmn/business-wire-news-releases-pmn/ai-power-surge-and-energy-transition-push-global-project-finance-into-a-new-era,2025-12-10 13:31:08
123,925,"SNS INSIDER PVT. LTD.IoTセンサー市場規模は2032年までに1,910億4,000万米ドルを超えると予測 | SNS Insider",,automation,foundation,CNET,https://japan.cnet.com/release/31134455/,2025-12-11 03:30:00
124,940,Rail Vision Enters the Quantum Transportation Market with Strategic Acquisition Agreement,,ai,transport,GlobeNewswire,https://www.globenewswire.com/news-release/2025/12/01/3196987/0/en/Rail-Vision-Enters-the-Quantum-Transportation-Market-with-Strategic-Acquisition-Agreement.html,2025-12-01 13:19:00
125,942,"Hawaii hands out 1,000 AI-powered dashcams to monitor road conditions and help identify road rage and reckless drivers",,ai,"transport, road",Notebookcheck.net,https://www.notebookcheck.net/Hawaii-hands-out-1-000-AI-powered-dashcams-to-monitor-road-conditions-and-help-identify-road-rage-and-reckless-drivers.1174410.0.html,2025-12-01 08:23:00
126,951,Systematic transformation of urban cold chain networks: From cross-regional dependencies to sustainable local excellence,,ai,structural,Plos.org,https://journals.plos.org/plosone/article?id=10.1371/journal.pone.0336993,2025-11-25 14:00:00
127,965,Freight Technologies Announces Strategic Agreement to Advance Agentic AI Initiative,,ai,road,GlobeNewswire,https://www.globenewswire.com/news-release/2025/11/20/3192076/0/en/Freight-Technologies-Announces-Strategic-Agreement-to-Advance-Agentic-AI-Initiative.html,2025-11-20 14:46:00
128,969,Faster Chemistry and Materials Discovery with AI-Powered Simulations Using NVIDIA ALCHEMI,,ai,materials,Nvidia.com,https://developer.nvidia.com/blog/faster-chemistry-and-materials-discovery-with-ai-powered-simulations-using-nvidia-alchemi/,2025-11-18 16:02:47
129,971,Karnataka to set up 200-acre semiconductor park in upcoming KWIN city,,ai,infrastructure,The Times of India,https://economictimes.indiatimes.com/industry/cons-products/electronics/karnataka-to-set-up-200-acre-semiconductor-park-in-upcoming-kwin-city/articleshow/125411340.cms,2025-11-18 11:52:02
130,977,Transportation planning to expand its use of agentic AI capabilities,,ai,transport,Nextgov,https://www.nextgov.com/modernization/2025/12/transportation-planning-expand-its-use-agentic-ai-capabilities/410082/,2025-12-11 11:00:00
131,1040,The Feel-Good Transportation Story of the Year Comes From the Last Place You Might Expect,,ai,transport,Slate Magazine,https://slate.com/business/2025/11/pittsburgh-international-airport-us-airways-american-airlines.html,2025-11-24 16:45:28
132,980,"System Infrastructure Software Market to Reach USD 297.18 Billion by 2032, Growing at a CAGR of 7.12% | Research by SNS Insider",,automation,infrastructure,GlobeNewswire,https://www.globenewswire.com/news-release/2025/12/06/3201066/0/en/System-Infrastructure-Software-Market-to-Reach-USD-297-18-Billion-by-2032-Growing-at-a-CAGR-of-7-12-Research-by-SNS-Insider.html,2025-12-06 14:45:00
133,983,"Global Tech Leaders Drive AI, 6G and Infrastructure Innovation in BizClik’s December Portfolio Release",,ai,infrastructure,GlobeNewswire,https://www.globenewswire.com/news-release/2025/12/03/3198651/0/en/Global-Tech-Leaders-Drive-AI-6G-and-Infrastructure-Innovation-in-BizClik-s-December-Portfolio-Release.html,2025-12-03 10:00:00
134,1009,CoMotion GLOBAL 2025 Concludes in Riyadh with Landmark Deals and Global Mobility Breakthroughs,,ai,transport,Financial Post,https://financialpost.com/pmn/business-wire-news-releases-pmn/comotion-global-2025-concludes-in-riyadh-with-landmark-deals-and-global-mobility-breakthroughs,2025-12-09 17:11:13
135,1011,SoftBank and Nvidia Consider Joining Funding Round for Robotics Firm Skild AI,,"robotics, ai",foundation,pymnts.com,https://www.pymnts.com/artificial-intelligence-2/2025/softbank-and-nvidia-consider-joining-funding-round-for-robotics-firm-skild-ai/,2025-12-08 21:43:44
136,1033,"What’s up with… Vodafone, Telecom Italia, mobile network security",,ai,infrastructure,TelecomTV,https://www.telecomtv.com/content/security/what-s-up-with-vodafone-telecom-italia-mobile-network-security-54399/,2025-11-28 14:58:08
137,1050,Pharma Supply Chain & Security World Returns to London: Building a Connected and Resilient Ecosystem,,"ai, ml",building,GlobeNewswire,https://www.globenewswire.com/news-release/2025/12/16/3206411/28124/en/Pharma-Supply-Chain-amp-Security-World-Returns-to-London-Building-a-Connected-and-Resilient-Ecosystem.html,2025-12-16 15:38:00
138,1073,SafeSpace Global (SSGC) Announces Strategic Partnership With 911inform to Transform School Safety Across America,,ai,building,GlobeNewswire,https://www.globenewswire.com/news-release/2025/12/08/3201603/0/en/SafeSpace-Global-SSGC-Announces-Strategic-Partnership-With-911inform-to-Transform-School-Safety-Across-America.html,2025-12-08 14:15:00
139,1078,$1.22 Bn Cell Therapy Packaging Market Industry Trends and Global Forecasts to 2035: Growth Driven by Shift From Broad-Spectrum Treatments to Personalized Therapeutic Development,,"automation, ai",road,GlobeNewswire,https://www.globenewswire.com/news-release/2025/12/05/3200521/28124/en/1-22-Bn-Cell-Therapy-Packaging-Market-Industry-Trends-and-Global-Forecasts-to-2035-Growth-Driven-by-Shift-From-Broad-Spectrum-Treatments-to-Personalized-Therapeutic-Development.html,2025-12-05 10:43:00
140,1079,Peraton wins air traffic control system overhaul contract,,ai,transport,Washingtontechnology.com,https://www.washingtontechnology.com/companies/2025/12/peraton-wins-air-traffic-control-system-overhaul-contract/409955/,2025-12-05 00:27:00
141,1086,BBVA lays down roadmap for harnessing AI,,"artificial intelligence, ai",road,Finextra,https://www.finextra.com/pressarticle/108359/bbva-lays-down-roadmap-for-harnessing-ai,2025-12-17 11:48:00
142,1089,AI Cameras begin recording traffic violations: where they are in Attica,,ai,road,Protothema.gr,https://en.protothema.gr/2025/12/17/ai-cameras-begin-recording-traffic-violations-where-they-are-in-attica/,2025-12-17 10:29:13
143,1092,From sustainability to sleep tourism and convenience to connectivity: five essentials shaping the future of the Middle East’s hospitality sector,,ai,sustainability,Hospitality Net,https://www.hospitalitynet.org/news/4130230.html,2025-12-17 09:50:45
144,1103,Cisco decides its homegrown AI model is ready to power its products,,ai,infrastructure,Theregister.com,https://www.theregister.com/2025/12/17/cisco_foundation_model_indentity_intelligence/,2025-12-17 06:24:20
145,1105,AI at the Crossroads: Centralized control vs. decentralized resistance in the fight for humanityâs future,,ai,road,Naturalnews.com,https://www.naturalnews.com/2025-12-17-centralized-control-vs-decentralized-resistance.html,2025-12-17 06:00:00
146,1106,"Trump’s US Tech Force needs no degree, offers up to $200,000 to rebuild federal technology",,ai,building,The Times of India,https://timesofindia.indiatimes.com/education/news/trumps-us-tech-force-needs-no-degree-offers-up-to-200000-to-rebuild-federal-technology/articleshow/126031650.cms,2025-12-17 05:44:43
147,1108,IT Sustainability Think Tank: What enterprises must do to make sustainability work in 2026,,ai,sustainability,ComputerWeekly.com,https://www.computerweekly.com/opinion/IT-Sustainability-Think-Tank-What-enterprises-must-do-to-make-sustainability-work-in-2026,2025-12-17 05:13:00
148,1114,"Nvidia's Depreciation Time Bomb: Jim Chanos Warns Of 'Massive Financial Risk' For CoreWeave, Oracle",,ai,infrastructure,Yahoo Entertainment,https://finance.yahoo.com/news/nvidias-depreciation-time-bomb-jim-003106193.html,2025-12-17 00:31:06
149,1119,Nvidia seeks solutions as AI data centers push power supply limits,,"artificial intelligence, ai",infrastructure,Digitimes,https://www.digitimes.com/news/a20251216PD205/nvidia-data-power-supply-growth-electricity.html,2025-12-16 23:43:04
150,1135,Rogue Sun #31 Preview: Road Trip Interrupted by Revenge,,artificial intelligence,road,Bleeding Cool News,https://bleedingcool.com/comics/rogue-sun-31-preview-road-trip-interrupted-by-revenge/,2025-12-16 19:26:03
151,1153,"Amazon Restructures Workforce, Slashes Luxembourg Jobs While Doubling Down On AI",,"artificial intelligence, ai","infrastructure, road",Biztoc.com,https://biztoc.com/x/43ac826467073653,2025-12-16 17:21:16
152,1157,Chimoney Launches the First Digital Passport and Payment Infrastructure for AI Agents and Humans,,ai,infrastructure,Financial Post,https://financialpost.com/globe-newswire/chimoney-launches-the-first-digital-passport-and-payment-infrastructure-for-ai-agents-and-humans,2025-12-16 16:06:01
153,1159,Chimoney Launches the First Digital Passport and Payment Infrastructure for AI Agents and Humans,,ai,infrastructure,GlobeNewswire,https://www.globenewswire.com/news-release/2025/12/16/3206439/0/en/Chimoney-Launches-the-First-Digital-Passport-and-Payment-Infrastructure-for-AI-Agents-and-Humans.html,2025-12-16 16:01:00
154,1167,"Argo Blockchain restructures debt, expands mining fleet to Alabama",,ai,infrastructure,Blockspace.media,https://blockspace.media/insight/argo-blockchain-restructures-debt-expands-mining-fleet-to-alabama/,2025-12-16 15:00:20
155,1168,Broadcom Can’t Stop Falling. Overreaction or AI Stock Warning Sign?,,ai,road,24/7 Wall St.,https://247wallst.com/investing/2025/12/16/broadcom-cant-stop-falling-overreaction-or-ai-stock-warning-sign/,2025-12-16 14:49:01
156,1179,Quantum AI Unveiled: How Quantum AI Platform Emerges with the Most Advanced Portfolio Automation and Real-Time Market AI,,"automation, ai",infrastructure,GlobeNewswire,https://www.globenewswire.com/news-release/2025/12/16/3206576/0/en/Quantum-AI-Unveiled-How-Quantum-AI-Platform-Emerges-with-the-Most-Advanced-Portfolio-Automation-and-Real-Time-Market-AI.html,2025-12-16 19:45:00
157,1196,Smart LED Lighting Market Set for Explosive Growth: Projections Show a Leap to $15.73 Billion by 2032,,ai,"smart city, sustainability",GlobeNewswire,https://www.globenewswire.com/news-release/2025/12/16/3206011/28124/en/Smart-LED-Lighting-Market-Set-for-Explosive-Growth-Projections-Show-a-Leap-to-15-73-Billion-by-2032.html,2025-12-16 09:09:00
158,1199,IT Sustainability Think Tank: How datacentres can go from power hungry to power smart in 2026,,ai,sustainability,ComputerWeekly.com,https://www.computerweekly.com/opinion/IT-Sustainability-Think-Tank-How-datacentres-can-go-from-power-hungry-to-power-smart-in-2026,2025-12-16 05:58:00
159,1209,Angeleno Group and Energy Impact Partners Announce AUD$50M Commitment to IND Technology – The Leading Global Provider of Early Fault Detection (EFD™) Systems to Prevent Grid Failures and Reduce the Risk of Wildfires,,ai,infrastructure,Financial Post,https://financialpost.com/pmn/business-wire-news-releases-pmn/angeleno-group-and-energy-impact-partners-announce-aud50m-commitment-to-ind-technology-the-leading-global-provider-of-early-fault-detection-efd-systems-to-prevent-grid-failures-a,2025-12-15 19:27:59
160,1212,Adaptive infrastructure for foundation model training with elastic training on SageMaker HyperPod,,"machine learning, ai, ml","infrastructure, foundation",Amazon.com,https://aws.amazon.com/blogs/machine-learning/adaptive-infrastructure-for-foundation-model-training-with-elastic-training-on-sagemaker-hyperpod/,2025-12-15 18:12:22
161,1214,New Engineering Manager Interview Prep Course by Interview Kickstart - 2026 Update Technical Mock Interview Questions For FAANG Jobs,,artificial intelligence,"infrastructure, engineering",GlobeNewswire,https://www.globenewswire.com/news-release/2025/12/15/3205720/0/en/New-Engineering-Manager-Interview-Prep-Course-by-Interview-Kickstart-2026-Update-Technical-Mock-Interview-Questions-For-FAANG-Jobs.html,2025-12-15 17:24:00
162,1226,"Geekstake Introduces BTC, ETH, XRP-focused Cloud Platform Powered by Artificial Intelligence, Advancing Trust, Innovation, and Sustainability",,"artificial intelligence, ai",sustainability,GlobeNewswire,https://www.globenewswire.com/news-release/2025/12/14/3205053/0/en/Geekstake-Introduces-BTC-ETH-XRP-focused-Cloud-Platform-Powered-by-Artificial-Intelligence-Advancing-Trust-Innovation-and-Sustainability.html,2025-12-14 17:45:00
163,1236,zenith-ai 0.3.4,,"machine learning, ai",infrastructure,Pypi.org,https://pypi.org/project/zenith-ai/0.3.4/,2025-12-14 09:01:58
164,1237,zenith-ai 0.3.3,,"machine learning, ai",infrastructure,Pypi.org,https://pypi.org/project/zenith-ai/0.3.3/,2025-12-14 08:05:59
165,1242,zenith-ai 0.3.1,,"machine learning, ai",infrastructure,Pypi.org,https://pypi.org/project/zenith-ai/0.3.1/,2025-12-13 14:35:35
166,1245,zenith-ai 0.3.0,,"machine learning, ai",infrastructure,Pypi.org,https://pypi.org/project/zenith-ai/0.3.0/,2025-12-13 09:17:02
167,1246,Envirotech Vehicles Unveils Exclusive AI Infrastructure Expansion Framework With AZIO AI,,ai,infrastructure,GlobeNewswire,https://www.globenewswire.com/news-release/2025/12/16/3206120/0/en/Envirotech-Vehicles-Unveils-Exclusive-AI-Infrastructure-Expansion-Framework-With-AZIO-AI.html,2025-12-16 12:30:00
168,1253,From Passive to Purpose-Built: Why Your Edge Strategy Needs a Refresh [GigaOm Webinar Insights],,ai,infrastructure,Cisco.com,https://blogs.cisco.com/datacenter/from-passive-to-purpose-built-why-your-edge-strategy-needs-a-refresh-gigaom-webinar-insights,2025-12-11 16:00:32
169,1261,Peridio Bridges the “Infrastructure Gap” in Physical AI with Avocado OS; Delivers Standardized Operations for NVIDIA Jetson,,ai,"infrastructure, bridge",Financial Post,https://financialpost.com/pmn/business-wire-news-releases-pmn/peridio-bridges-the-infrastructure-gap-in-physical-ai-with-avocado-os-delivers-standardized-operations-for-nvidia-jetson,2025-12-10 15:03:20
170,1263,LightSolver’s Dani Gluck to Speak on Laser-Based Computing at Quantum Algorithms and Optimization in Athens,,algorithm,"infrastructure, materials",GlobeNewswire,https://www.globenewswire.com/news-release/2025/12/10/3202922/0/en/LightSolver-s-Dani-Gluck-to-Speak-on-Laser-Based-Computing-at-Quantum-Algorithms-and-Optimization-in-Athens.html,2025-12-10 07:00:00
171,1264,Machine Learning Course for Software Engineers: Interview Kickstart Launches Structured 8-Month ML Program for Career Transition,,"artificial intelligence, machine learning, ml",infrastructure,GlobeNewswire,https://www.globenewswire.com/news-release/2025/12/08/3201826/0/en/Machine-Learning-Course-for-Software-Engineers-Interview-Kickstart-Launches-Structured-8-Month-ML-Program-for-Career-Transition.html,2025-12-08 17:03:00
172,1265,How hybrid infrastructure keeps retail running without disruptions,,"ai, ml",infrastructure,Retail Dive,https://www.retaildive.com/spons/how-hybrid-infrastructure-keeps-retail-running-without-disruptions/806746/,2025-12-08 10:00:00
173,1275,Unstoppable Women of AI and Web3 Announces Most Inspirational Women of AI and Web3 Awards,,ai,bridge,GlobeNewswire,https://www.globenewswire.com/news-release/2025/12/02/3197995/0/en/Unstoppable-Women-of-AI-and-Web3-Announces-Most-Inspirational-Women-of-AI-and-Web3-Awards.html,2025-12-02 14:00:00
174,1276,The CDC placed early bets on AI — and now they are paying off,,ai,"infrastructure, building",Nextgov,https://www.nextgov.com/artificial-intelligence/2025/12/cdc-placed-early-bets-ai-and-now-they-are-paying/409826/,2025-12-01 20:20:00
175,1286,Toronto engineer turns commuter frustration into site that exposes TTC delay data,,ai,bridge,blogTO,https://www.blogto.com/tech/2025/11/toronto-engineer-site-ttc-delay-data/,2025-11-28 15:06:02
176,1298,NB HASH Launches New Generation of AI Compute Infrastructure to Meet Global High-Performance Computing Demand,,ai,infrastructure,GlobeNewswire,https://www.globenewswire.com/news-release/2025/11/22/3193124/0/en/NB-HASH-Launches-New-Generation-of-AI-Compute-Infrastructure-to-Meet-Global-High-Performance-Computing-Demand.html,2025-11-22 21:34:00
177,1302,Into the Omniverse: How Smart City AI Agents Transform Urban Operations,,"computer vision, ai","infrastructure, smart city",Nvidia.com,https://blogs.nvidia.com/blog/smart-city-ai-agents-urban-operations/,2025-11-20 16:00:39
178,1308,Why big pharma is teaming up with AI giants to speed up drug discovery and make work easier for health care workers,,ai,road,Fortune,https://fortune.com/2025/11/19/why-big-pharma-is-teaming-up-with-ai-giants-to-speed-up-drug-discovery-and-make-work-easier-for-health-care-workers/,2025-11-19 17:36:12
179,1319,"More Than Half of Telecoms Run AI Agents in Production, Google Cloud Finds",,ai,infrastructure,pymnts.com,https://www.pymnts.com/artificial-intelligence-2/2025/more-than-half-of-telecoms-run-ai-agents-in-production-google-cloud-finds/,2025-12-17 02:26:43
180,1338,What AWS Security learned from responding to recent npm supply chain threat campaigns,,ai,infrastructure,Amazon.com,https://aws.amazon.com/blogs/security/what-aws-security-learned-from-responding-to-recent-npm-supply-chain-threat-campaigns/,2025-12-15 21:12:35
181,1339,"From One-Person Companies to Generative Media, AI Funding Spans the Stack",,"artificial intelligence, generative, ai",building,pymnts.com,https://www.pymnts.com/news/artificial-intelligence/2025/one-person-companies-generative-media-ai-funding-spans-stack/,2025-12-15 20:16:44
182,1349,Nvidia Wants To Be Your Open Source Model Provider,,ai,infrastructure,Gizmodo.com,https://gizmodo.com/nvidia-wants-to-be-your-open-source-model-provider-2000699568,2025-12-15 17:20:41
183,1355,Global Server Market Sets New Revenue Record in Q3 2025 as AI Infrastructure Spending Accelerates,,ai,infrastructure,Storagereview.com,https://www.storagereview.com/news/global-server-market-sets-new-revenue-record-in-q3-2025-as-ai-infrastructure-spending-accelerates,2025-12-15 15:59:12
184,1364,Microsoft taps Indian IT giants for agentic AI rollout,,ai,infrastructure,ComputerWeekly.com,https://www.computerweekly.com/news/366636341/Microsoft-taps-Indian-IT-giants-for-agentic-AI-rollout,2025-12-15 02:46:00
185,1369,Show HN: I built an AI that scans 10k Reddit comments to find 'Blue Ocean' ideas,,ai,building,Vect.pro,https://blog.vect.pro/trend-hacking-guide,2025-12-14 06:21:37
186,1389,A bursting bubble would be great for AI,,ai,infrastructure,The Times of India,https://economictimes.indiatimes.com/tech/artificial-intelligence/a-bursting-bubble-would-be-great-for-ai/articleshow/125803742.cms,2025-12-06 10:25:40
187,1403,LinkedIn’s Migration Journey to Serve Billions of Users by Nishant Lakshmikanth at QCon SF,,ai,engineering,InfoQ.com,https://www.infoq.com/news/2025/11/linkedin-migration-journey-users/,2025-11-26 10:30:00
188,1408,The 5 FREE Must-Read Books for Every Machine Learning Engineer,,machine learning,engineering,Kdnuggets.com,https://www.kdnuggets.com/the-5-free-must-read-books-for-every-machine-learning-engineer,2025-11-25 12:14:35
189,1432,GOOGL's Unstoppable Momentum Drives Price Targets to Record Highs,,ai,road,MarketBeat,https://www.marketbeat.com/originals/googls-unstoppable-momentum-drives-price-targets-to-record-highs/?utm_source=yahoofinance&amp;utm_medium=yahoofinance,2025-12-15 13:32:00
190,1438,AIQ Let’s You Profit From The AI Arms Race Without Picking Winners,,ai,infrastructure,24/7 Wall St.,https://247wallst.com/investing/2025/12/14/aiq-lets-you-profit-from-the-ai-arms-race-without-picking-winners/,2025-12-14 19:25:53
191,1442,robo-infra 0.1.7,,robotics,infrastructure,Pypi.org,https://pypi.org/project/robo-infra/0.1.7/,2025-12-13 08:29:04
192,1443,robo-infra 0.1.6,,robotics,infrastructure,Pypi.org,https://pypi.org/project/robo-infra/0.1.6/,2025-12-13 08:09:08
193,1447,robo-infra 0.1.5,,robotics,infrastructure,Pypi.org,https://pypi.org/project/robo-infra/0.1.5/,2025-12-12 18:08:09
194,1451,robo-infra 0.1.3,,robotics,infrastructure,Pypi.org,https://pypi.org/project/robo-infra/0.1.3/,2025-12-12 09:10:34
195,1452,robo-infra added to PyPI,,robotics,infrastructure,Pypi.org,https://pypi.org/project/robo-infra/,2025-12-12 09:08:14
196,1457,BYT Capital announces ₹180 crore early-stage fund focused on deep-tech and frontier engineering,,artificial intelligence,engineering,BusinessLine,https://www.thehindubusinessline.com/companies/byt-capital-announces-180-crore-early-stage-fund-focused-on-deep-tech-and-frontier-engineering/article70384854.ece,2025-12-12 01:25:48
197,1461,(PR) Just Launched OpenAI GPT-5.2 Trained & Deployed on NVIDIA Infrastructure,,ai,infrastructure,Techpowerup.com,https://www.techpowerup.com/343996/just-launched-openai-gpt-5-2-trained-deployed-on-nvidia-infrastructure,2025-12-11 19:54:13
198,1462,"As AI Grows More Complex, Model Builders Rely on NVIDIA",,ai,infrastructure,Nvidia.com,https://blogs.nvidia.com/blog/leading-models-nvidia/,2025-12-11 19:19:57
199,1482,AI breaks the old security playbook,,ai,infrastructure,Help Net Security,https://www.helpnetsecurity.com/2025/12/17/deloitte-enterprise-ai-defense-report/,2025-12-17 05:00:26
200,1489,Confidential A.I. and the Trust Gap Holding Back the Next Phase of Adoption,,ai,foundation,Observer,https://observer.com/2025/12/confidential-ai-trust-enterprise-adoption-2026/,2025-12-16 20:30:16
201,1491,Moving into high gear: New solutions from Dell and Microsoft fuel broader shift to the hybrid-AI-cloud era,,ai,road,SiliconANGLE News,https://siliconangle.com/2025/12/16/hybrid-ai-cloud-solutions-dell-microsoft-microsoftignite/,2025-12-16 19:55:24
202,1493,Enterprise automation resilience with EDB and Red Hat Ansible Automation Platform,,automation,infrastructure,Redhat.com,https://www.redhat.com/en/blog/enterprise-automation-resilience-edb-and-ansible-automation-platform,2025-12-16 18:21:25
203,1498,HUMAN Delivers Cryptographic Verification of Amazon Bedrock AgentCore Browser to Establish Trust Between AI Agents Built on AWS Infrastructure,,ai,infrastructure,GlobeNewswire,https://www.globenewswire.com/news-release/2025/12/16/3206396/0/en/HUMAN-Delivers-Cryptographic-Verification-of-Amazon-Bedrock-AgentCore-Browser-to-Establish-Trust-Between-AI-Agents-Built-on-AWS-Infrastructure.html,2025-12-16 15:16:00
204,1503,Human Security brings cryptographic verification to Amazon Bedrock agents,,artificial intelligence,infrastructure,SiliconANGLE News,https://siliconangle.com/2025/12/16/human-security-brings-cryptographic-verification-amazon-bedrock-agents/,2025-12-16 14:00:01
205,1508,Phoenix turns to Docu to modernise reconciliation infrastructure,,"automation, ai",infrastructure,Finextra,https://www.finextra.com/pressarticle/108342/phoenix-turns-to-docu-to-modernise-reconciliation-infrastructure,2025-12-16 12:19:00
206,1511,"Energous’ PowerBridge Pro Gains EU Approval, Unlocking Wireless Power in Europe",,ai,bridge,GlobeNewswire,https://www.globenewswire.com/news-release/2025/12/16/3206075/0/en/Energous-PowerBridge-Pro-Gains-EU-Approval-Unlocking-Wireless-Power-in-Europe.html,2025-12-16 12:00:00
207,1512,Vanguard Claims receives investment from Jordan Partners,,ai,infrastructure,Lifeinsuranceinternational.com,https://www.lifeinsuranceinternational.com/news/vanguard-claims-jordan-partners/,2025-12-16 11:59:36
208,1515,Semiconductor Wafer Sorting Market to Hit $2.62 Billion by 2032: Key Growth Trends and Insights,,"automation, ai",sustainability,GlobeNewswire,https://www.globenewswire.com/news-release/2025/12/16/3206006/28124/en/Semiconductor-Wafer-Sorting-Market-to-Hit-2-62-Billion-by-2032-Key-Growth-Trends-and-Insights.html,2025-12-16 09:05:00
209,1517,Grand-Tek eyes double-digit growth in 2026 amid Wi-Fi 7 and wireless subsystem surge,,"automation, ai",infrastructure,Digitimes,https://www.digitimes.com/news/a20251216PD229/grand-tek-growth-2026-wireless-wi-fi-7.html,2025-12-16 06:58:34
210,1532,Why AI stocks crashed despite beating forecasts,,"artificial intelligence, ai",road,Rolling Out,https://rollingout.com/2025/12/15/ai-stocks-crash/,2025-12-15 14:10:48
211,1542,Digital Ethics Summit 2025: Open sourcing and assuring AI,,ai,civil,ComputerWeekly.com,https://www.computerweekly.com/news/366636231/Digital-Ethics-Summit-2025-open-sourcing-and-assuring-AI,2025-12-12 05:30:00
212,1553,Nvidia says no concrete evidence yet in alleged DeepSeek GPU smuggling case,,"artificial intelligence, ai",concrete,Digitimes,https://www.digitimes.com/news/a20251211PD234/nvidia-deepseek-gpu-startup-data.html,2025-12-11 08:50:42
213,1554,ARCHÉ Office Building by AI Design,,ai,building,Archinect,https://archinect.com/firms/project/150259294/arch-office-building/150514553,2025-12-11 02:40:00
214,1570,"Exposed ducts and server rooms reveal the ""heartbeat"" of AI data centre in Beijing",,ai,building,Dezeen,https://www.dezeen.com/2025/12/10/ai-data-centre-beijing-lllab/,2025-12-10 11:30:20
215,1600,Making AI Talk to Your Database: AI-Powered Database Queries Made Simple,,ai,bridge,Red-gate.com,https://www.red-gate.com/simple-talk/databases/making-ai-talk-to-your-database/,2025-12-04 16:00:00
216,1611,"Symposium on Forensic and Counter-Forensic Approaches to International Law: Genocide in Gaza – Earth Observation, Surveillance, and the Politics of Control",,ai,sustainability,Opiniojuris.org,http://opiniojuris.org/2025/12/09/symposium-on-forensic-and-counter-forensic-approaches-to-international-law-genocide-in-gaza-earth-observation-surveillance-and-the-politics-of-control/,2025-12-09 13:00:09
217,1615,Beyond The Black Box: Practical XAI For UX Practitioners,,ai,building,Smashingmagazine.com,https://www.smashingmagazine.com/2025/12/beyond-black-box-practical-xai-ux-practitioners/,2025-12-05 15:00:00
218,1616,An Interview with Atlassian CEO Mike Cannon-Brookes About Atlassian and AI,,ai,building,Stratechery.com,https://stratechery.com/2025/an-interview-with-atlassian-ceo-mike-cannon-brookes-about-atlassian-and-ai/,2025-12-04 11:00:00
219,1629,AI4X Roadmap: Artificial Intelligence for the advancement of scientific pursuit and its future directions,,"artificial intelligence, machine learning, ai",road,Arxiv.org,https://arxiv.org/abs/2511.20976,2025-11-26 02:10:28
220,1643,"Efficient Optimization With Ax, an Open Platform for Adaptive Experimentation",,"machine learning, ai, ml",infrastructure,Fb.com,https://engineering.fb.com/2025/11/18/open-source/efficient-optimization-ax-open-platform-adaptive-experimentation/,2025-11-18 17:00:24
221,1659,Europe’s response to cloud giants was “killed from within”: CEO now promises concrete results,,ai,concrete,Ing.dk,https://ing.dk/artikel/europes-response-cloud-giants-was-killed-within-ceo-now-promises-concrete-results,2025-12-05 08:37:22
222,1660,ZTE CDO Cui Li speaks at Economist Impact's AI Innovation Asia 2025,,ai,road,Theregister.com,https://www.theregister.com/2025/12/04/zte-speaks-at-economist-impact-ai-innovation-asia-2025/,2025-12-04 14:30:15
223,1662,“We are building a tech bridge between Russia and India”—Herman Gref of Sberbank on bilateral tech ties,,"generative, ai","bridge, building",The Times of India,https://economictimes.indiatimes.com/news/international/world-news/we-are-building-a-tech-bridge-between-russia-and-indiaherman-gref-of-sberbank-on-bilateral-tech-ties/articleshow/125734817.cms,2025-12-03 05:56:58
224,1666,AI Agents Aren’t Ready for Consumer-Facing Work—But They Can Excel at Internal Processes,,"generative, ai",concrete,Harvard Business Review,https://hbr.org/2025/11/ai-agents-arent-ready-for-consumer-facing-work-but-they-can-excel-at-internal-processes,2025-11-25 07:30:28
225,1672,From generative AI to the brain: five takeaways,,"generative, ai, algorithm",concrete,Arxiv.org,https://arxiv.org/abs/2511.16432,2025-11-20 15:00:44
226,1686,Taiwan more than just a 'victim' of Chinese coercion: Hsiao,,ai,road,Globalsecurity.org,https://www.globalsecurity.org/wmd/library/news/taiwan/2025/taiwan-251202-cna02.htm,2025-12-03 09:34:19
227,1705,Breaking Silos: Netflix Introduces Upper Metamodel to Bring Consistency Across Content Engineering,,ai,engineering,InfoQ.com,https://www.infoq.com/news/2025/12/netflix-upper-uda-architecture/,2025-12-12 15:00:00
228,1725,Expensive data and poor internet access: South Africa fails to measure up against Brazil,,ai,road,The Conversation Africa,https://theconversation.com/expensive-data-and-poor-internet-access-south-africa-fails-to-measure-up-against-brazil-270860,2025-12-03 14:08:17
229,1727,"Presentation: Empathy Driven Platforms: You Build It, Let’s Run It Together",,ai,"engineering, road",InfoQ.com,https://www.infoq.com/presentations/empathy-psychological-safety/,2025-12-01 12:28:00
230,1730,The project management imperative for a greener future,,ai,sustainability,TechRadar,https://www.techradar.com/pro/the-project-management-imperative-for-a-greener-future,2025-11-29 13:00:00
231,1735,"Japan Cement Industry Report 2025: Portland, Blended, Specialty, and Green Cement Size & Forecast by Value and Volume Across 80+ Market Segments 2020-2029",,ai,infrastructure,GlobeNewswire,https://www.globenewswire.com/news-release/2025/11/28/3196176/28124/en/Japan-Cement-Industry-Report-2025-Portland-Blended-Specialty-and-Green-Cement-Size-Forecast-by-Value-and-Volume-Across-80-Market-Segments-2020-2029.html,2025-11-28 11:38:00
232,1783,Did trucker Rusty Miller rescue mother and baby from snowy highway?,,ai,highway,Snopes.com,https://www.snopes.com//fact-check/rusty-miller-trucker-rescue-story/,2025-12-13 00:53:00
233,1736,"Canada Cement Industry Report 2025: Portland, Blended, Specialty, and Green Cement Size & Forecast by Value and Volume Across 80+ Market Segments 2020-2029",,ai,infrastructure,GlobeNewswire,https://www.globenewswire.com/news-release/2025/11/28/3196166/28124/en/Canada-Cement-Industry-Report-2025-Portland-Blended-Specialty-and-Green-Cement-Size-Forecast-by-Value-and-Volume-Across-80-Market-Segments-2020-2029.html,2025-11-28 11:31:00
234,1741,"Natural Stone Market: Commercial Projects Led with 41.38% Market Shares while Residential Construction Projected to Grow at 6.03% CAGR by 2030, Reports Mordor Intelligence",,ai,"construction, building, materials",GlobeNewswire,https://www.globenewswire.com/news-release/2025/11/27/3195560/0/en/Natural-Stone-Market-Commercial-Projects-Led-with-41-38-Market-Shares-while-Residential-Construction-Projected-to-Grow-at-6-03-CAGR-by-2030-Reports-Mordor-Intelligence.html,2025-11-27 10:10:00
235,1742,"Jonas, Maximilian and Philip: Investing in Eclipse Theia: Collective Sponsoring and Strategic Partner Options",,ai,"building, engineering",Eclipsesource.com,https://eclipsesource.com/blogs/2025/11/27/investing-in-eclipse-theia-collective-sponsoring-and-strategic-partner-options/,2025-11-27 00:00:00
236,1744,Adecco says joint venture with Salesforce can help reduce AI bubble risks,,ai,concrete,CNA,https://www.channelnewsasia.com/business/adecco-says-joint-venture-salesforce-can-help-reduce-ai-bubble-risks-5491556,2025-11-26 12:03:20
237,1751,"United States $3.86 Bn Lightweight Aggregates Market Trends, Regional Insights, Competition, Forecast & Opportunities, 2020-2024 & 2025-2030",,ai,"construction, building, materials",GlobeNewswire,https://www.globenewswire.com/news-release/2025/11/24/3193699/28124/en/United-States-3-86-Bn-Lightweight-Aggregates-Market-Trends-Regional-Insights-Competition-Forecast-Opportunities-2020-2024-2025-2030.html,2025-11-24 16:14:00
238,1766,2026’s Fastest-Growing Skills and Top Learning Trends From 2025,,ai,foundation,Coursera.org,https://blog.coursera.org/2026s-fastest-growing-skills-and-top-learning-trends-from-2025/,2025-12-16 18:39:40
239,1799,Nuclear Policy Must Learn to Live With Disagreement,,ai,bridge,Foreign Policy,http://foreignpolicy.com/2025/12/11/nuclear-policy-disagreement-climate-ai-public-health/,2025-12-11 15:00:58
240,1789,Amputees often feel disconnected from their bionic hands. AI could bridge the gap,,"artificial intelligence, ai",bridge,NPR,https://www.npr.org/sections/shots-health-news/2025/12/12/nx-s1-5639925/bionic-hand-prosthetic-artificial-intelligence,2025-12-12 11:00:00
241,1796,Three insights you may have missed from theCUBE’s coverage of AWS re:Invent,,ai,building,SiliconANGLE News,https://siliconangle.com/2025/12/11/three-insights-shaping-aws-next-era-agentic-ai-awsreinvent/,2025-12-11 17:00:47
242,1805,"AI Becomes a Boost for Global Oil Demand, Not a Bridge to Net Zero",,"artificial intelligence, ai",bridge,OilPrice.com,https://oilprice.com/Energy/Crude-Oil/AI-Becomes-a-Boost-for-Global-Oil-Demand-Not-a-Bridge-to-Net-Zero.html,2025-12-10 22:00:00
243,1806,"AI Becomes a Boost for Global Oil Demand, Not a Bridge to Net Zero",,ai,bridge,Yahoo Entertainment,https://finance.yahoo.com/news/ai-becomes-boost-global-oil-220000970.html,2025-12-10 22:00:00
244,1823,Introducing Databricks GenAI Partner Accelerators for Data Engineering & Migration,,ai,engineering,Databricks.com,https://www.databricks.com/blog/introducing-databricks-genai-partner-accelerators-data-engineering-migration,2025-12-09 22:00:00
245,1829,When Tech Disrupts Faster Than Rules Adapt: Drafting Emergency Guidance for AI-Affected Evidence,,ai,foundation,Opiniojuris.org,http://opiniojuris.org/2025/12/16/when-tech-disrupts-faster-than-rules-adapt-drafting-emergency-guidance-for-ai-affected-evidence/,2025-12-16 11:00:39
246,1832,Talk Python to Me: #530: anywidget: Jupyter Widgets made easy,,ai,building,Talkpython.fm,https://talkpython.fm/episodes/show/530/anywidget-jupyter-widgets-made-easy,2025-12-13 08:00:00
247,1844,Inside NVIDIA NVQLink : Faster AI with a Quantum Assist for Real-Time Fixes,,"artificial intelligence, ai",bridge,Geeky Gadgets,https://www.geeky-gadgets.com/gpu-qubit-error-correction-nvidia-nvqlink/,2025-12-08 07:12:39
248,1845,How Jude Wellington Is Building a Revolutionary Global DJ Culture and Lifestyle Brand Through ITMP,,artificial intelligence,building,International Business Times,https://www.ibtimes.com/how-jude-wellington-building-revolutionary-global-dj-culture-lifestyle-brand-through-itmp-3792041,2025-12-05 19:48:52
249,1848,Check Out the Best Crypto Presales to Buy as Market Remains Bullish on Bitcoin Despite ETF Outflows,,ai,road,Bitcoinist,https://bitcoinist.com/best-crypto-presales-to-buy-as-bitcoin-etf-outflows-signal-bullish-sentiment/,2025-12-05 07:58:17
250,1855,AWS targets vulnerable code with security agent,,ai,bridge,ComputerWeekly.com,https://www.computerweekly.com/news/366635619/AWS-targets-vulnerable-code-with-security-agent,2025-12-02 18:51:00
251,1866,Building AI-Powered Voice Applications: Amazon Nova Sonic Telephony Integration Guide,,ai,building,Amazon.com,https://aws.amazon.com/blogs/machine-learning/building-ai-powered-voice-applications-amazon-nova-sonic-telephony-integration-guide/,2025-11-26 21:21:54
252,1869,Operationalizing AI: How to Move from Lab to Production Faster,,"generative, ai","infrastructure, building, foundation",Cisco.com,https://blogs.cisco.com/datacenter/operationalizing-ai-how-to-move-from-lab-to-production-faster,2025-11-24 16:00:30
253,1886,This IIM Calcutta programme is building India's next generation of finance leaders,,artificial intelligence,building,The Times of India,https://economictimes.indiatimes.com/jobs/mid-career/this-iim-calcutta-programme-is-building-indias-next-generation-of-finance-leaders/articleshow/125436638.cms,2025-11-19 12:10:56
254,1888,Ilya Sutskever Calls for Core AI Research : Scaling Won’t Take Us Further,,"artificial intelligence, ai",building,Geeky Gadgets,https://www.geeky-gadgets.com/age-of-research-ai-shift/,2025-11-27 11:36:53
255,1890,A deep learning-based multiscale integration of spatial omics with tumor morphology,,deep learning,bridge,Nature.com,https://www.nature.com/articles/s41467-025-66691-y,2025-11-27 00:00:00
256,1900,"Cybersecurity Snapshot: OWASP Ranks Top Agentic AI App Risks, as CISA Lists Most Dangerous Software Flaws",,ai,infrastructure,Tenable.com,https://www.tenable.com/blog/cybersecurity-snapshot-owasp-agentic-ai-top-10-mitre-dangerous-software-weaknesses-12-12-2025,2025-12-12 14:00:00
257,1940,Scientist: AI Creativity Is Mathematically Limited To Amateur Status,,"ai, algorithm",structural,PsyPost,https://www.psypost.org/a-mathematical-ceiling-limits-generative-ai-to-amateur-level-creativity/,2025-11-26 17:31:00
258,1942,From Consolidation to Innovation: 2025 year in review,,ai,road,Abajournal.com,https://www.abajournal.com/columns/article/from-consolidation-to-innovation-2025-year-in-review,2025-11-25 16:26:00
259,1956,ATEC2025 Marks a Leap Toward Real-World Robotics—Where Every Stumble Drives Progress,,"robotics, ai",bridge,TechNode,http://technode.com/2025/12/09/atec2025-marks-a-leap-toward-real-world-robotics-where-every-stumble-drives-progress/,2025-12-09 06:40:35
260,1962,ショベルカーを「自律ロボット」に変える——建設現場の人手不足に挑むスイスGravis Robotics,,robotics,bridge,Thebridge.jp,https://thebridge.jp/2025/12/gravis-robotics-23m-series-a-autonomous-construction-equipment-iq-capital-zacua,2025-12-03 02:09:06
261,1987,rf-mcp 0.26.0,,automation,bridge,Pypi.org,https://pypi.org/project/rf-mcp/0.26.0/,2025-12-15 08:26:38
262,1996,How AI is making the CHRO's job a whole lot bigger,,ai,bridge,Business Insider,https://www.businessinsider.com/ai-transforms-chro-roles-bridge-people-tech-business-strategy-2025-12,2025-12-12 15:51:05
263,1999,Talkdesk executive Michael Klein named finalist for Vendors in Partnership Bridge Builder Award,,ai,bridge,GlobeNewswire,https://www.globenewswire.com/news-release/2025/12/11/3204005/0/en/Talkdesk-executive-Michael-Klein-named-finalist-for-Vendors-in-Partnership-Bridge-Builder-Award.html,2025-12-11 14:21:00
264,2012,Coder Introduces AI Development Infrastructure for Hybrid Human and Agent Teams,,ai,infrastructure,GlobeNewswire,https://www.globenewswire.com/news-release/2025/12/09/3202461/0/en/Coder-Introduces-AI-Development-Infrastructure-for-Hybrid-Human-and-Agent-Teams.html,2025-12-09 14:03:00
265,2022,rf-mcp 0.25.0.dev1,,automation,bridge,Pypi.org,https://pypi.org/project/rf-mcp/0.25.0.dev1/,2025-12-07 21:14:50
266,2023,rf-mcp 0.25.0,,automation,bridge,Pypi.org,https://pypi.org/project/rf-mcp/0.25.0/,2025-12-07 21:14:48
267,2028,Probabilistic greedy algorithm solver using magnetic tunneling junctions for traveling salesman problem,,algorithm,tunnel,Nature.com,https://www.nature.com/articles/s41467-025-66864-9,2025-12-04 00:00:00
268,2038,A contribution to reliable rail transport: AI-powered real-time wheel defect detection,,ai,transport,Nature.com,https://www.nature.com/articles/s41598-025-29826-1,2025-11-27 00:00:00
269,2043,Light at the End of the Very Dark Ukrainian Tunnel?,,ai,tunnel,Substack.com,https://montanarcc.substack.com/p/light-at-the-end-of-the-very-dark,2025-11-23 07:10:58
270,2048,Unlocking the Future of Closed Loop Wind Tunnels: Insights into Technological Transformations and Industry Growth,,ai,"tunnel, civil, sustainability",GlobeNewswire,https://www.globenewswire.com/news-release/2025/12/10/3203056/28124/en/Unlocking-the-Future-of-Closed-Loop-Wind-Tunnels-Insights-into-Technological-Transformations-and-Industry-Growth.html,2025-12-10 12:19:00
271,2077,法律業務をAIで変革——米Harveyがa16zリードで1.6億ドル調達、評価額は80億ドルに急伸,,ai,bridge,Thebridge.jp,https://thebridge.jp/2025/12/harvey-ai-160m-series-f-andreessen-horowitz-8b-valuation-legal-ai,2025-12-17 07:14:34
272,2082,databricks-ai-bridge 0.11.0,,ai,bridge,Pypi.org,https://pypi.org/project/databricks-ai-bridge/0.11.0/,2025-12-17 00:28:40
273,2083,Data Centers Are Rewriting the Hotel Development Map,,ai,infrastructure,Skift,https://skift.com/2025/12/16/data-centers-are-rewriting-the-hotel-development-map/,2025-12-16 21:49:13
274,2085,Is the Cisco 360 Partner Program Good for Small and Mid-Sized Partners? An Analyst’s Perspective,,ai,structural,Cisco.com,https://blogs.cisco.com/partner/is-the-cisco-360-partner-program-good-for-small-and-mid-sized-partners-an-analysts-perspective,2025-12-16 19:49:25
275,2088,Summer weather delayed CoreWeave Denton site as company sheds $33B: WSJ,,ai,"construction, concrete",Biztoc.com,https://biztoc.com/x/afb5888fb0919bca,2025-12-16 16:48:15
276,2093,CoreWeave collapse sparks fears of cracks in AI infrastructure boom,,ai,infrastructure,CoinDesk,https://www.coindesk.com/markets/2025/12/16/coreweave-collapse-sparks-fears-of-cracks-in-ai-infrastructure-boom,2025-12-16 15:34:37
277,2097,Show HN: Skyz AI – Deploy MCP servers like you'd deploy to Vercel,,ai,building,Medium,https://medium.com/@antoinecherfane/i-built-and-deployed-an-mcp-server-in-7-minutes-heres-how-03b45dd6f554,2025-12-16 14:34:38
278,2098,"Announcement of strategic funding to enhance multilingual, sector-specific AI literacy and develop trustworthy AI for open data",,ai,"infrastructure, foundation",Okfn.org,https://blog.okfn.org/2025/12/16/announcement-of-strategic-funding-to-enhance-multilingual-sector-specific-ai-literacy-and-develop-trustworthy-ai-for-open-data/,2025-12-16 14:26:23
279,2108,Facilitating AI adoption at Imprint,,ai,engineering,Lethain.com,https://lethain.com/company-ai-adoption/,2025-12-16 12:31:33
280,2129,Boom repurposes supersonic jet engine to power AI data centers,,"artificial intelligence, ai",civil,New Atlas,https://newatlas.com/energy/boom-supersonic-engine-data-center/,2025-12-11 06:37:42
281,2131,"Lowe’s, Home Depot Tap AI to Capture Renovation Spend at Planning Stage",,"artificial intelligence, ai, ml",construction,Biztoc.com,https://biztoc.com/x/353e542b8a7ad694,2025-12-10 22:47:08
282,2134,"Lowe’s, Home Depot Tap AI to Capture Renovation Spend at Planning Stage",,"artificial intelligence, ai, ml",construction,pymnts.com,https://www.pymnts.com/news/retail/2025/lowes-home-depot-tap-ai-to-capture-renovation-spend-at-planning-stage/,2025-12-10 22:27:33
283,2136,The Navy says AI cut a 160-hour submarine-planning job down to just 10 minutes — now it's investing $448 million to go bigger,,"artificial intelligence, ai",building,Business Insider,https://www.businessinsider.com/navy-ai-cut-hourslong-submarine-planning-job-to-minutes-2025-12,2025-12-10 19:04:49
284,2139,Amazon says to invest $50 bn in US government AI infrastructure,,"artificial intelligence, ai","infrastructure, building",Space Daily,https://www.spacedaily.com/reports/Amazon_says_to_invest_50_bn_in_US_government_AI_infrastructure_999.html,2025-11-29 14:09:42
285,2149,[Latest] Digital Twin for Buildings Market to Reach US$ 26.23 Billion by 2033 | Astute Analytica,,ai,building,GlobeNewswire,https://www.globenewswire.com/news-release/2025/11/17/3189339/0/en/Latest-Digital-Twin-for-Buildings-Market-to-Reach-US-26-23-Billion-by-2033-Astute-Analytica.html,2025-11-17 15:30:00
286,2159,"Fearing AI job losses, some young workers in Britain shift towards skilled trades",,"automation, ai",construction,The Times of India,https://economictimes.indiatimes.com/tech/artificial-intelligence/fearing-ai-job-losses-some-young-workers-in-britain-shift-towards-skilled-trades/articleshow/125713040.cms,2025-12-02 07:42:46
287,2163,Engineering firm donates robotics laboratory to school,,robotics,engineering,The Punch,https://punchng.com/engineering-firm-donates-robotics-laboratory-to-school/,2025-11-30 23:55:04
288,2173,Controlled microphase separation and strain programming in hydrogel fibers toward biomimetic architectures and properties,,ai,materials,Nature.com,https://www.nature.com/articles/s41467-025-66537-7,2025-11-29 00:00:00
289,2179,Splashtop AEM Recognized for Best Estimated ROI in First G2 Report for Autonomous Endpoint Management,,automation,road,GlobeNewswire,https://www.globenewswire.com/news-release/2025/12/03/3199262/0/en/Splashtop-AEM-Recognized-for-Best-Estimated-ROI-in-First-G2-Report-for-Autonomous-Endpoint-Management.html,2025-12-03 18:00:00
290,2180,"United States Waterjet Cutting Machine Market Report 2025-2033: Analysis by Type, Product Type, Horsepower, Machine Size, Application, Key States and Competitive Landscape",,automation,engineering,GlobeNewswire,https://www.globenewswire.com/news-release/2025/12/03/3199170/28124/en/United-States-Waterjet-Cutting-Machine-Market-Report-2025-2033-Analysis-by-Type-Product-Type-Horsepower-Machine-Size-Application-Key-States-and-Competitive-Landscape.html,2025-12-03 16:40:00
291,2193,Pearl Kapur's Kyvex onboards VC Leaders Pranav Sharma & Blue Gold's Sameer Salgar to scale it's Sovereign AI platform globally,,ai,road,The Times of India,https://economictimes.indiatimes.com/news/india/pearl-kapurs-kyvex-onboards-vc-leaders-pranav-sharma-blue-golds-sameer-salgar-to-scale-its-sovereign-ai-platform-globally/articleshow/125889761.cms,2025-12-10 11:13:30
292,2194,$67 bn and counting: What drives the Great Indian Tech Gold Rush?,,ai,infrastructure,The Times of India,https://economictimes.indiatimes.com/news/company/corporate-trends/microsoft-amazon-google-india-investments-67-bn-and-counting-what-drives-the-great-indian-tech-gold-rush/articleshow/125887456.cms,2025-12-10 09:55:44
293,2206,Legacy media is fighting for survival. Will a government lease of life help?,,ai,structural,Livemint,https://www.livemint.com/opinion/legacy-media-fighting-for-survival-government-lease-newsroom-news-content-ai-print-11764847983253.html,2025-12-07 06:46:45
294,2210,Nominal elastic modulus assessment in 3D-printed components under varying printing parameters using Bayesian methods and random forest surrogate modeling,,ai,materials,Plos.org,https://journals.plos.org/plosone/article?id=10.1371/journal.pone.0338204,2025-12-05 14:00:00
295,2212,The 5 Biggest 'Tells' That Something Was Written By AI,,ai,structural,Decrypt,https://decrypt.co/348923/5-biggest-tells-something-written-ai,2025-11-17 18:59:43
296,2227,"Circle Stock Aims for $100 on Crypto Sentiment Rebound, Traders Rotate to $SUBBD",,ai,infrastructure,newsBTC,http://www.newsbtc.com/news/circle-stock-eyes-100-as-crypto-sentiment-rebounds-traders-choose-subbd/,2025-12-05 12:52:42
297,2229,"Asia Morning Briefing: Crypto’s Next Breakout Will Come From Infrastructure, Not Narratives, Hashed Says",,ai,"infrastructure, foundation",CoinDesk,https://www.coindesk.com/markets/2025/12/05/asia-morning-briefing-crypto-s-next-breakout-will-come-from-infrastructure-not-narratives-hashed-says,2025-12-05 02:29:59
298,2230,Gaskin: Owning AI future means owning the energy future,,"artificial intelligence, ai",transport,Biztoc.com,https://biztoc.com/x/43ce2301f2894da6,2025-12-10 08:04:19
299,2247,"The AI challenge: Palantir, the pope and Paul Kingsnorth",,ai,civil,Wnd.com,https://www.wnd.com/2025/12/ai-challenge-palantir-pope-paul-kingsnorth/,2025-12-07 20:26:16
300,2251,In Times Of Supply Chain Volatility Logistics And Fulfillment Take Center Stage,,ai,transport,Forrester.com,https://www.forrester.com/blogs/in-times-of-supply-chain-volatility-logistics-and-fulfillment-take-center-stage/,2025-11-17 16:13:39
301,2252,"U.S. Digital Twin Market Forecasted to $36.01 Billion by 2028 - Industry Growth, Smart Tech & Outlook",,ai,transport,GlobeNewswire,https://www.globenewswire.com/news-release/2025/11/17/3189263/0/en/U-S-Digital-Twin-Market-Forecasted-to-36-01-Billion-by-2028-Industry-Growth-Smart-Tech-Outlook.html,2025-11-17 14:30:00
302,2264,Karnataka aims to bag half of India’s spacetech market by 2034: Siddaramaiah,,ai,infrastructure,The Times of India,https://economictimes.indiatimes.com/tech/tech-bytes/karnataka-aims-to-bag-half-of-indias-spacetech-market-by-2034-siddaramaiah/articleshow/125414187.cms,2025-11-18 14:36:27
303,2275,"Introducing Amazon Nova 2 Lite, a fast, cost-effective reasoning model",,ai,building,Amazon.com,https://aws.amazon.com/blogs/aws/introducing-amazon-nova-2-lite-a-fast-cost-effective-reasoning-model/,2025-12-02 15:59:40
304,2289,Helicopters Market Intelligence Report 2025-2032: Rapid Growth of Electric and Hybrid Propulsion Systems Driving Lower Emissions and Operating Costs in Urban Helicopter Operations,,automation,civil,GlobeNewswire,https://www.globenewswire.com/news-release/2025/12/15/3205606/28124/en/Helicopters-Market-Intelligence-Report-2025-2032-Rapid-Growth-of-Electric-and-Hybrid-Propulsion-Systems-Driving-Lower-Emissions-and-Operating-Costs-in-Urban-Helicopter-Operations.html,2025-12-15 15:29:00
305,2291,Nvidia launches Nemotron 3 model family as open foundation for agentic AI systems,,"artificial intelligence, ai",foundation,SiliconANGLE News,https://siliconangle.com/2025/12/15/nvidia-launches-nemotron-3-model-family-open-foundation-agentic-ai-systems/,2025-12-15 15:20:58
306,2292,APLD Stock Update: Applied Digital Shares See Price Pivot From Last Week's Run Up,,ai,"infrastructure, road",International Business Times,https://www.ibtimes.com/apld-stock-update-applied-digital-shares-see-price-pivot-last-weeks-run-3792658,2025-12-15 15:15:20
307,2297,DuploCloud launches AI DevOps Engineers that execute real infrastructure work,,"artificial intelligence, automation, ai",infrastructure,SiliconANGLE News,https://siliconangle.com/2025/12/15/duplocloud-launches-ai-devops-engineers-execute-real-infrastructure-work/,2025-12-15 14:00:10
308,2314,CNBC Daily Open: U.S. stocks retreat from highs as Broadcom leads tech sell-off,,ai,"concrete, road",CNBC,https://www.cnbc.com/2025/12/15/cnbc-daily-open-us-stocks-retreat-from-highs-as-broadcom-leads-tech-sell-off.html,2025-12-15 07:30:01
309,2329,Starlink claims Chinese launch came within 200 meters of broadband satellite,,ai,road,Theregister.com,https://www.theregister.com/2025/12/15/asia_tech_news_roundup/,2025-12-15 02:02:22
310,2345,"Cisco, Amazon, and Siemens Set the Pace for Intelligent Hospitality Solutions Amid $90 Billion Market Opportunity",,"automation, ai",sustainability,GlobeNewswire,https://www.globenewswire.com/news-release/2025/12/12/3204763/28124/en/Cisco-Amazon-and-Siemens-Set-the-Pace-for-Intelligent-Hospitality-Solutions-Amid-90-Billion-Market-Opportunity.html,2025-12-12 15:36:00
311,2346,"Cisco, Amazon, and Siemens Set the Pace for Intelligent Hospitality Solutions Amid $90 Billion Market Opportunity",,"automation, ai",sustainability,GlobeNewswire,https://www.globenewswire.com/news-release/2025/12/12/3204764/28124/en/Cisco-Amazon-and-Siemens-Set-the-Pace-for-Intelligent-Hospitality-Solutions-Amid-90-Billion-Market-Opportunity.html,2025-12-12 15:36:00
312,2353,SoftBank Eyes Data Center Group Switch as Son Hunts for AI Plays,,ai,infrastructure,Financial Post,https://financialpost.com/pmn/business-pmn/softbank-eyes-data-center-group-switch-as-son-hunts-for-ai-plays,2025-12-12 00:22:42
313,2359,Scaling MLflow for enterprise AI: What’s New in SageMaker AI with MLflow,,"artificial intelligence, machine learning, ai, ml",infrastructure,Amazon.com,https://aws.amazon.com/blogs/machine-learning/scaling-mlflow-for-enterprise-ai-whats-new-in-sagemaker-ai-with-mlflow/,2025-12-11 18:16:19
314,2369,Amazon’s Massive India Investment Plan,,ai,infrastructure,Nep123.com,https://nep123.com/amazons-massive-india-investment-plan/,2025-12-11 07:17:09
315,2373,Senior Machine Learning Engineer-EN,,"machine learning, ai",civil,Nlppeople.com,https://nlppeople.com/job/senior-machine-learning-engineer-en/,2025-11-18 00:00:00
316,2398,Rivian Defines the AI-Driven Adventure,,ai,road,Cool Hunting,http://coolhunting.com/tech/rivian-defines-the-ai-driven-adventure/,2025-12-11 17:20:58
317,2408,"NASA JPL Unveils Rover Operations Center for Moon, Mars Missions",,ai,infrastructure,Marsdaily.com,https://www.marsdaily.com/reports/NASA_JPL_Unveils_Rover_Operations_Center_for_Moon_Mars_Missions_999.html,2025-12-11 07:35:13
318,2409,Qatar launches Qai to accelerate national and regional AI ambitions,,ai,infrastructure,ComputerWeekly.com,https://www.computerweekly.com/news/366636280/Qatar-launches-Qai-to-accelerate-national-and-regional-AI-ambitions,2025-12-11 07:00:00
319,2410,Meta's new AI superstars are chafing against the rest of the company,,ai,building,The Times of India,https://economictimes.indiatimes.com/tech/artificial-intelligence/metas-new-ai-superstars-are-chafing-against-the-rest-of-the-company/articleshow/125902346.cms,2025-12-11 04:10:08
320,2411,"NASA JPL Unveils Rover Operations Center for Moon, Mars Missions",,ai,infrastructure,NASA,https://www.nasa.gov/missions/mars-2020-perseverance/perseverance-rover/nasa-jpl-unveils-rover-operations-center-for-moon-mars-missions/,2025-12-11 00:47:03
321,2412,Solving the scaling challenge: 3 proven strategies for your AI infrastructure,,"generative, ai",infrastructure,Redhat.com,https://www.redhat.com/en/blog/solving-scaling-challenge-3-proven-strategies-your-ai-infrastructure,2025-12-11 00:00:00
