title,publication_date,source,url,description,ce_areas,ai_technologies,ce_area_count,ai_tech_count,is_classified
Imperial Valley city sues to force environmental review of massive data center project,2025-12-12T15:49:55Z,KPBS,https://www.kpbs.org/news/environment/2025/12/12/imperial-valley-city-sues-to-force-environmental-review-of-massive-data-center-project,A Huntington Beach-based developer is proposing to build a nearly one million-square-foot warehouse for artificial intelligence development in the center of the Imperial Valley.,Environmental Engineering,Machine Learning,1,1,True
Passive determination of anisotropic compressive strength of 3D printed concrete using multiple neural networks enhanced with explainable machine learning (XML),2025-12-12T00:00:00Z,Nature.com,https://www.nature.com/articles/s41598-025-11068-w,Scientific Reports - Passive determination of anisotropic compressive strength of 3D printed concrete using multiple neural networks enhanced with explainable machine learning (XML),Structural,Machine Learning,1,1,True
"Technical Program Manager, Machine Learning, Program Management Office, Execution Readiness",2025-12-11T00:00:00Z,Nlppeople.com,https://nlppeople.com/job/technical-program-manager-machine-learning-program-management-office-execution-readiness/,"Note: By applying to this position you will have an opportunity to share your preferred working location from the following: Dublin, Ireland; London, UK. Minimum qualifications: • Bachelor’s degree in Engineering, Construction Management, or equivalent practi…","Structural, Construction Management",Machine Learning,2,1,True
"Lowe’s, Home Depot Tap AI to Capture Renovation Spend at Planning Stage",2025-12-10T22:47:08Z,Biztoc.com,https://biztoc.com/x/353e542b8a7ad694,"The traditional consumer journey from initial home project idea to completed build is notoriously inefficient, opaque and cash intensive. Retailers and construction managers are now turning to artificial intelligence (AI) to create a streamlined, digitally na…",Structural,Machine Learning,1,1,True
"Lowe’s, Home Depot Tap AI to Capture Renovation Spend at Planning Stage",2025-12-10T22:27:33Z,pymnts.com,https://www.pymnts.com/news/retail/2025/lowes-home-depot-tap-ai-to-capture-renovation-spend-at-planning-stage/,"The traditional consumer journey from initial home project idea to completed build is notoriously inefficient, opaque and cash intensive. Retailers and construction managers are now turning to artificial intelligence (AI) to create a streamlined, digitally na…",Structural,Machine Learning,1,1,True
Photovoltaic power interval prediction with conditional error dependency using Bayesian optimized deep learning,2025-12-13T00:00:00Z,Nature.com,https://www.nature.com/articles/s41598-025-19602-6,"Accurate photovoltaic (PV) power forecasting serves as a critical foundation for economic dispatch and reliable grid operation. To address the inherent uncertainty in PV power generation, this study proposes a short-term PV power interval prediction method ba…","Structural, Geotechnical","Machine Learning, Predictive Analytics",2,2,True
ETHIAD: A novel explainable model for detecting illicit accounts on Ethereum,2025-12-11T14:00:00Z,Plos.org,https://journals.plos.org/plosone/article?id=10.1371/journal.pone.0338366,"Ethereum has become a significant trading platform for financial activities such as Dapps, ICOs, and DeFi. However, it has also become a hub for criminal activities such as fraud, money laundering, and illicit fundraising. The construction of fraud detection …",Structural,Machine Learning,1,1,True
DynamicSeq2SeqXGB for PM2.5 imputation in extremely sparse environmental monitoring networks,2025-12-11T14:00:00Z,Plos.org,https://journals.plos.org/plosone/article?id=10.1371/journal.pone.0338788,"Environmental monitoring networks face critical data gaps that compromise public health protection and regulatory compliance, with missing data rates often exceeding 40% in operational settings. This study validates DynamicSeq2SeqXGB, a novel hybrid model tha…",Environmental Engineering,Machine Learning,1,1,True
Benchmarking algorithms for generalizable single-cell perturbation response prediction,2025-12-11T00:00:00Z,Nature.com,https://www.nature.com/articles/s41592-025-02980-0,This analysis performs comprehensive comparisons of 27 single-cell perturbation response prediction methods using 29 datasets under different test scenarios and against multiple evaluation metrics.,Structural,Predictive Analytics,1,1,True
3D Printing Materials Market Size to Worth USD 31.23 Billion by 2035 - Exclusive Report by Towards Chemical and Materials,2025-12-10T14:28:00Z,GlobeNewswire,https://www.globenewswire.com/news-release/2025/12/10/3203260/0/en/3D-Printing-Materials-Market-Size-to-Worth-USD-31-23-Billion-by-2035-Exclusive-Report-by-Towards-Chemical-and-Materials.html,The global 3D Printing Materials market is projected to grow from USD 4.66 billion in 2025 to USD 31.23 billion by 2035 at a CAGR of 20.96% ...,Structural,Robotics/Automation,1,1,True
5 Cutting-Edge AutoML Techniques to Watch in 2026,2025-12-09T13:00:07Z,Kdnuggets.com,https://www.kdnuggets.com/5-cutting-edge-automl-techniques-to-watch-in-2026,This article discusses five cutting-edge AutoML techniques and trends that are expected to shape the landscape of highly automated machine learning model building in the 2026 year about to start.,Structural,"Robotics/Automation, Machine Learning",1,2,True
Building extraction from remote sensing imagery using SegFormer with post-processing optimization,2025-12-08T14:00:00Z,Plos.org,https://journals.plos.org/plosone/article?id=10.1371/journal.pone.0338104,"Traditional methods for building extraction from remote sensing images rely on feature classification techniques, which often suffer from high usage thresholds, cumbersome data processing, slow recognition speeds, and poor adaptability. With the rapid advance…",Structural,Generative Design,1,1,True
Symposium on Forensic and Counter-Forensic Approaches to International Law: Visual Truths and Factual Realities – The Impact of Computational Photography on Legal Evidence,2025-12-08T13:00:21Z,Opiniojuris.org,http://opiniojuris.org/2025/12/08/symposium-on-forensic-and-counter-forensic-approaches-to-international-law-visual-truths-and-factual-realities-the-impact-of-computational-photography-on-legal-evidence/,"[Dr. Akanksha Bisoyi is a post-doctoral researcher at the Professorship of Law, Innovation and Legal Design, Technical University of Munich in Germany]  Introduction Photographs as legal tools for truth-telling reflect the aphorism ‘seeing is believing’. Thes…",Structural,Computer Vision,1,1,True
CellSAM: a foundation model for cell segmentation,2025-12-08T00:00:00Z,Nature.com,https://www.nature.com/articles/s41592-025-02879-w,"CellSAM uses an object detector, CellFinder, to detect cells and prompt the Segment Anything Model (SAM) to generate segmentations. This universal model achieves human-level performance across a range of bioimaging data encompassing mammalian cells, yeast and…","Structural, Geotechnical",Machine Learning,2,1,True
Time-domain optimization based NMPC path tracking control for underground LHD,2025-12-08T00:00:00Z,Nature.com,https://www.nature.com/articles/s41598-025-23311-5,"The path tracking control of underground Load-Haul-Dump (LHD) is essential for reducing operators’ working time in underground environments and enhancing mining efficiency. Existing NMPC-based controllers often exhibit suboptimal performance, such as oscillat…","Structural, Geotechnical",Generative Design,2,1,True
Analysis of cultivated land changes and driving factors in the Alar Reclamation Area (1990–2019) based on multi-temporal Landsat data and machine learning algorithms,2025-12-06T00:00:00Z,Nature.com,https://www.nature.com/articles/s41598-025-29175-z,Scientific Reports - Analysis of cultivated land changes and driving factors in the Alar Reclamation Area (1990–2019) based on multi-temporal Landsat data and machine learning algorithms,Structural,Machine Learning,1,1,True
BAGEL: Protein engineering via exploration of an energy landscape,2025-12-03T14:00:00Z,Plos.org,https://journals.plos.org/ploscompbiol/article?id=10.1371/journal.pcbi.1013774,"Author summary Proteins underpin much of modern biotechnology. To harness them, we need practical ways to computationally design sequences that meet clear goals while remaining stable and functional. Recent deep learning methods have boosted success rates, ye…",Structural,Machine Learning,1,1,True
An explainable machine learning framework for multi-objective carbon reduction targeting material operational seasonal emissions in building retrofits,2025-12-02T00:00:00Z,Nature.com,https://www.nature.com/articles/s41598-025-29418-z,Scientific Reports - An explainable machine learning framework for multi-objective carbon reduction targeting material operational seasonal emissions in building retrofits,"Structural, Environmental Engineering",Machine Learning,2,1,True
DDGWizard: Integration of feature calculation resources for analysis and prediction of changes in protein thermostability upon point mutations,2025-12-01T14:00:00Z,Plos.org,https://journals.plos.org/ploscompbiol/article?id=10.1371/journal.pcbi.1013783,"Author summary A protein’s ability to maintain its structure under high temperatures, known as thermostability, is critical for many industrial and therapeutic applications and might be affected by genetic mutations. To address the challenge, we built a robus…",Structural,Predictive Analytics,1,1,True
Public feedback analysis on multi-stage emergency management policies using BERTopic-SKEP integrated model,2025-12-01T00:00:00Z,Nature.com,https://www.nature.com/articles/s41598-025-30319-4,Scientific Reports - Public feedback analysis on multi-stage emergency management policies using BERTopic-SKEP integrated model,Structural,Machine Learning,1,1,True
Amazon says to invest $50 bn in US government AI infrastructure,2025-11-29T14:09:42Z,Space Daily,https://www.spacedaily.com/reports/Amazon_says_to_invest_50_bn_in_US_government_AI_infrastructure_999.html,"Washington (AFP) Nov 24, 2025


 Amazon announced on Monday a massive $50 billion investment to expand artificial intelligence and supercomputing capabilities for the US government, positioning the tech giant as a key player in building custom AI technology f…","Structural, Transportation",Machine Learning,2,1,True
Do AI data centres have a PR problem? A look inside a ‘sustainable’ high-tech facility,2025-12-02T12:00:00Z,CBC News,https://www.cbc.ca/news/canada/calgary/data-centre-public-perception-alberta-9.6996740,"As demand for artificial intelligence has soared with the evolution of generative AI, so has the federal government and Alberta’s interest in capitalizing on the AI boom by building data centres like CAL-2. But there’s a disconnect between the province and in…",Structural,Machine Learning,1,1,True
Siemens and Samsung C&T Partner to Drive Next-Generation Infrastructure Projects,2025-11-18T13:23:40Z,POWER magazine,https://www.powermag.com/siemens-and-samsung-ct-partner-to-drive-next-generation-infrastructure-projects/,"The Global partnership agreement combines Samsung C&T’s EPC expertise with Siemens’ leading capabilities in digitalization, electrification, and automation...",Transportation,Robotics/Automation,1,1,True
A virtual platform for automated hybrid organic-enzymatic synthesis planning,2025-11-26T00:00:00Z,Nature.com,https://www.nature.com/articles/s41467-025-65898-3,"The integration of organic and enzymatic synthesis enhances molecule construction efficiency. Here, the authors present ChemEnzyRetroPlanner, an AI-driven platform for automated hybrid synthesis planning, improving synthesis route efficiency and sustainabilit…",Structural,Robotics/Automation,1,1,True
Event-triggered self-regulating integrated PID extreme optimization and fault-tolerant strategy for floating offshore platforms driven by TBG-EDF dual finite-time learning mechanism,2025-11-24T14:00:00Z,Plos.org,https://journals.plos.org/plosone/article?id=10.1371/journal.pone.0337290,Floating offshore platforms (FOPs) face the challenge of anchor chain failures due to their unique operating environments. This directly impacts the platform’s safety and stability. Traditional control methods are often ineffective in addressing anchor chain …,Construction Management,Generative Design,1,1,True
"Trends & Strategies Shaping the Global Smart Polymers Market, 2025-2035, by Type of Polymer, Stimulus, End User and Region Featuring Profiles of 22 Industry Players",2025-12-08T10:17:00Z,GlobeNewswire,https://www.globenewswire.com/news-release/2025/12/08/3201323/28124/en/Trends-Strategies-Shaping-the-Global-Smart-Polymers-Market-2025-2035-by-Type-of-Polymer-Stimulus-End-User-and-Region-Featuring-Profiles-of-22-Industry-Players.html,"The smart polymers market is expanding due to rising demand for adaptable, stimuli-responsive materials. Key opportunities include applications in biotechnology and medicine, integration with 3D printing for customization, and growth in the automotive and ele…",Structural,Robotics/Automation,1,1,True
NASA to test commercial robotic arm in orbit to advance in space construction,2025-12-04T07:35:36Z,Space Daily,https://www.spacedaily.com/reports/NASA_to_test_commercial_robotic_arm_in_orbit_to_advance_in_space_construction_999.html,"Greenbelt MD (SPX) Dec 04, 2025


NASA and industry partners will fly and operate a commercial robotic arm in low Earth orbit through the Fly Foundational Robots mission set to launch in late 2027. This mission will support development of in space operations …",Structural,Robotics/Automation,1,1,True
"North America $236.55 Bn Tilt Sensor Markets, 2025-2033 by Housing Material Type, Technology, Application, Countries and Company Analysis",2025-12-03T15:43:00Z,GlobeNewswire,https://www.globenewswire.com/news-release/2025/12/03/3199115/28124/en/North-America-236-55-Bn-Tilt-Sensor-Markets-2025-2033-by-Housing-Material-Type-Technology-Application-Countries-and-Company-Analysis.html,"The North American tilt sensor market is projected to grow from US$ 96.47 million in 2024 to US$ 236.55 million by 2033, with a CAGR of 10.48% from 2025 to 2033. Key growth drivers include technological advancements, rising demand for automation, and precisio…",Structural,Robotics/Automation,1,1,True
Hyundai Motor Group Unveils Production-Ready Autonomous Mobility Robot Platform ‘MobED’ at iREX 2025,2025-12-03T03:30:09Z,CleanTechnica,https://cleantechnica.com/2025/12/02/hyundai-motor-group-unveils-production-ready-autonomous-mobility-robot-platform-mobed-at-irex-2025/,"MobED, Hyundai Motor Group Robotics LAB’s first mass-produced mobility robot platform, is designed for diverse industrial and everyday applications MobED debuts an innovative approach to robotics functionality, defined by Adaptive Mobility (H/W), Intuitive Au…",Transportation,Robotics/Automation,1,1,True
NASA’s Fly Foundational Robots Demo to Bolster In-Space Infrastructure,2025-12-02T19:36:43Z,NASA,https://www.nasa.gov/centers-and-facilities/goddard/nasas-fly-foundational-robots-demo-to-bolster-in-space-infrastructure/,"NASA and industry partners will fly and operate a commercial robotic arm in low Earth orbit through the Fly Foundational Robots mission set to launch in late 2027. This mission aims to revolutionize in-space operations, a critical capability for sustainably l…",Transportation,Robotics/Automation,1,1,True
"Fearing AI job losses, some young workers in Britain shift towards skilled trades",2025-12-02T07:42:46Z,The Times of India,https://economictimes.indiatimes.com/tech/artificial-intelligence/fearing-ai-job-losses-some-young-workers-in-britain-shift-towards-skilled-trades/articleshow/125713040.cms,"Facing AI-driven job uncertainty, many young Brits are turning to skilled trades for stable careers. White-collar jobs are being viewed as more vulnerable to disruption by AI and automation than manual labour. Colleges report rising enrolments in construction…",Structural,Robotics/Automation,1,1,True
"Gravis Robotics, which adds cameras, sensors, and AI to heavyweight construction machines so they can operate autonomously, raised $23M led by IQ and Zacua",2025-11-28T12:18:13Z,Biztoc.com,https://biztoc.com/x/1b35aa56028b89e9,,Structural,Robotics/Automation,1,1,True
"Trends & Strategies Driving the Thermoforming Plastic Market, 2025-2032 - Growth in Sustainability Initiatives and Advancements in Automation are Reshaping Supply Chains and Operational Models",2025-12-15T10:23:00Z,GlobeNewswire,https://www.globenewswire.com/news-release/2025/12/15/3205219/28124/en/Trends-Strategies-Driving-the-Thermoforming-Plastic-Market-2025-2032-Growth-in-Sustainability-Initiatives-and-Advancements-in-Automation-are-Reshaping-Supply-Chains-and-Operational.html,"Dublin, Dec. 15, 2025 (GLOBE NEWSWIRE) -- The ""Thermoforming Plastic Market - Global Forecast 2025-2032"" report has been added to ResearchAndMarkets.com's offering.",Environmental Engineering,Robotics/Automation,1,1,True
"Digital Marketing for Home Builders | Web Design, SEO & Ads",2025-12-09T03:33:40Z,Antares.systems,https://www.antares.systems/digital-marketing-home-builders,"Attract more clients with AI-powered marketing strategies for home builders. Custom web design, SEO, Google Ads, and automated follow-up that deliver real results.",Structural,Robotics/Automation,1,1,True
"Global Plastics Market Outlook Report 2025-2035 - Innovations in Bioplastics, Smart Polymers, and Automation Set to Elevate Operational Efficiency and Mitigate Environmental Impacts",2025-12-08T10:28:00Z,GlobeNewswire,https://www.globenewswire.com/news-release/2025/12/08/3201329/28124/en/Global-Plastics-Market-Outlook-Report-2025-2035-Innovations-in-Bioplastics-Smart-Polymers-and-Automation-Set-to-Elevate-Operational-Efficiency-and-Mitigate-Environmental-Impacts.html,"The plastics market presents significant growth opportunities through the rising demand for eco-friendly materials, such as bioplastics and recyclable options. Advancements in processing technologies and automation further drive market expansion. Segment oppo…","Structural, Environmental Engineering",Robotics/Automation,2,1,True
48% Usage Gap Shows Why Virtual Cards Still Lag Adoption,2025-12-05T09:00:39Z,pymnts.com,https://www.pymnts.com/news/b2b-payments/2025/48percent-usage-gap-shows-why-virtual-cards-still-lag-adoption/,"Companies may be chasing automation, but late payments and cash flow strain are pushing a deeper shift in how finance teams think about modern payables. The persistent drag of manual processing is creating unexpected momentum for virtual cards, which could re…",Structural,Robotics/Automation,1,1,True
Concrete Paving Equipment Industry Report 2025: Market to Reach $1.8 Billion by 2030 - Rising Investments in Urban Road Networks and Smart Infrastructure Drives Demand,2025-12-04T15:41:00Z,GlobeNewswire,https://www.globenewswire.com/news-release/2025/12/04/3200046/28124/en/Concrete-Paving-Equipment-Industry-Report-2025-Market-to-Reach-1-8-Billion-by-2030-Rising-Investments-in-Urban-Road-Networks-and-Smart-Infrastructure-Drives-Demand.html,"Key market opportunities in the Concrete Paving Equipment sector include rising global infrastructure investments, especially in emerging markets, driving demand for advanced paving technology. Technological advancements, such as automated and eco-friendly ma…","Structural, Transportation",Robotics/Automation,2,1,True
"United States Waterjet Cutting Machine Market Report 2025-2033: Analysis by Type, Product Type, Horsepower, Machine Size, Application, Key States and Competitive Landscape",2025-12-03T16:40:00Z,GlobeNewswire,https://www.globenewswire.com/news-release/2025/12/03/3199170/28124/en/United-States-Waterjet-Cutting-Machine-Market-Report-2025-2033-Analysis-by-Type-Product-Type-Horsepower-Machine-Size-Application-Key-States-and-Competitive-Landscape.html,"The United States waterjet cutting machine market is set to grow from US$ 305.58 Million in 2024 to US$ 399.76 Million by 2033, at a CAGR of 3.03%. Driven by automation and precision engineering, the market thrives in aerospace, automotive, and metal fabricat…",Structural,Robotics/Automation,1,1,True
"Rock Duster Industry Research Report 2025: Market to Reach $812.81 Million by 2030, Driven by Stringent Mining Safety Regulations and Growing Underground Mining Activity",2025-12-02T15:39:00Z,GlobeNewswire,https://www.globenewswire.com/news-release/2025/12/02/3198218/28124/en/Rock-Duster-Industry-Research-Report-2025-Market-to-Reach-812-81-Million-by-2030-Driven-by-Stringent-Mining-Safety-Regulations-and-Growing-Underground-Mining-Activity.html,"Key opportunities in the Global Rock Duster Market include leveraging stringent mining safety regulations and the ongoing growth of underground mining. Embracing automation and remote control trends can enhance operational efficiency and safety. However, addr…","Construction Management, Geotechnical",Robotics/Automation,2,1,True
Trends in Artificial Intelligence (AI) in the Packaging Design Market,2025-12-15T14:18:00Z,GlobeNewswire,https://www.globenewswire.com/news-release/2025/12/15/3205527/0/en/Trends-in-Artificial-Intelligence-AI-in-the-Packaging-Design-Market.html,"As highlighted by Towards Packaging research, the global artificial intelligence (AI) in the packaging design market, valued at USD 126.43 billion in 2025, is expected to reach USD 326.15 billion by 2034, registering a CAGR of 9.94% throughout the forecast pe…",Structural,Machine Learning,1,1,True
Superior transplant recipient outcome prediction and pathology assessment using rapid deep learning applied to procurement kidney biopsies,2025-12-14T00:00:00Z,Nature.com,https://www.nature.com/articles/s41598-025-31667-x,Scientific Reports - Superior transplant recipient outcome prediction and pathology assessment using rapid deep learning applied to procurement kidney biopsies,Construction Management,"Machine Learning, Predictive Analytics",1,2,True
Metal Injection Molding (MIM) Industry Size to Double by 2032 Reaching $11.35 Billion - Rapid Adoption of Micro MIM for Next-Generation Medical Implant Components,2025-12-12T15:45:00Z,GlobeNewswire,https://www.globenewswire.com/news-release/2025/12/12/3204772/28124/en/Metal-Injection-Molding-MIM-Industry-Size-to-Double-by-2032-Reaching-11-35-Billion-Rapid-Adoption-of-Micro-MIM-for-Next-Generation-Medical-Implant-Components.html,"The metal injection molding market presents key opportunities through innovation in additive manufacturing, sustainable materials, and digital controls. Its growth spans sectors like electronics, medical devices, and aerospace, driven by advanced process effi…",Structural,Robotics/Automation,1,1,True
AI critical to unlocking AfCFTA’s $3.4tn market –Don,2025-12-12T00:35:45Z,The Punch,https://punchng.com/ai-critical-to-unlocking-afcftas-3-4tn-market-don/,"Discover how AI is critical to the AfCFTA’s success. Learn how artificial intelligence is reshaping African trade, logistics, and finance to unlock a $3.4t

Read More: https://punchng.com/ai-critical-to-unlocking-afcftas-3-4tn-market-don/",Transportation,Machine Learning,1,1,True
Breaking the Jar: Hardening Pickle File Scanners with Structure-Aware Fuzzing,2025-12-12T00:20:21Z,Cisco.com,https://blogs.cisco.com/ai/hardening-pickle-file-scanners,"Artificial intelligence and machine learning (AI/ML) models are increasingly shared across organizations, fine-tuned, and deployed in production systems. Cisco’s AI Defense offering includes a model file scanning tool designed to help organizations detect and…",Structural,Machine Learning,1,1,True
Real-time concrete strength monitoring using piezoelectric sensors and deep learning,2025-12-12T00:00:00Z,Nature.com,https://www.nature.com/articles/s41467-025-67168-8,"Traditional concrete testing can be labour-intensive and limited in accuracy, consistency, and real-time applicability. The study uses piezoelectric sensors and deep learning for real-time monitoring of concrete strength, interpreting signals to achieve accur…",Structural,Machine Learning,1,1,True
A unified multi-task learning framework for automated assessment of left ventricular structure and its systolic function from echocardiography,2025-12-12T00:00:00Z,Nature.com,https://www.nature.com/articles/s41598-025-31773-w,The manual assessment of Left Ventricular (LV) structure and its systolic function from echocardiography is fundamental for cardiovascular diagnosis but is often time-consuming and subject to inter-observer variability. While deep learning has advanced the au…,Structural,"Robotics/Automation, Machine Learning",1,2,True
SuperCircle raises $24M+ to scale AI-driven textile waste platform,2025-12-10T14:00:04Z,SiliconANGLE News,https://siliconangle.com/2025/12/10/supercircle-raises-24m-scale-ai-driven-textile-waste-platform/,"Artificial intelligence-powered textile waste management platform SuperCircle revealed today that it has raised more than $24 million in new funding. The round will be used to accelerate development of its AI platform, expand supply chain integrations, grow i…",Environmental Engineering,Machine Learning,1,1,True
Improved predictive formulae for wave overtopping at sloped breakwaters using interpretable machine learning models,2025-12-10T14:00:00Z,Plos.org,https://journals.plos.org/plosone/article?id=10.1371/journal.pone.0337830,"Accurate prediction of mean wave overtopping discharge is essential for the safe and cost-effective design of coastal defence structures. While traditional empirical, physical, and numerical models remain important, Machine Learning (ML) has recently emerged …",Structural,"Machine Learning, Predictive Analytics",1,2,True
OpenAI: AI Business Adoption Soars as Employees Save Over an Hour Daily,2025-12-09T20:53:59Z,pymnts.com,https://www.pymnts.com/artificial-intelligence-2/2025/openai-ai-business-adoption-soars-as-employees-save-over-an-hour-daily/,"The era of artificial intelligence (AI) experimentation in business is officially over. A new report from OpenAI, “The state of enterprise AI 2025,” released Monday (Dec. 8), doesn’t just chronicle growth; it signals a structural pivot where generative AI is …",Structural,Machine Learning,1,1,True
First-principles and machine learning investigation of the structural and optoelectronic properties of dodecaphenylyne: a novel carbon allotrope,2025-12-15T00:00:00Z,Royal Society of Chemistry,https://pubs.rsc.org/en/content/articlelanding/2026/nr/d5nr02744f,"Nanoscale, 2026, Advance ArticleDOI: 10.1039/D5NR02744F, PaperKleuton A. L. Lima, José A. S. Laranjeira, Nicolas F. Martins, Julio R. Sambrano, Alexandre C. Dias, Luiz A. Ribeiro Junior, Douglas S. GalvãoDodecaphenylyne (DP), a novel 2D carbon allotrope, comb…","Structural, Environmental Engineering",Machine Learning,2,1,True
Computation suggests that the cell adhesion sub-proteome is enriched for sites of pH-dependence and charge burial,2025-12-09T14:00:00Z,Plos.org,https://journals.plos.org/plosone/article?id=10.1371/journal.pone.0338186,"Prediction of protein pH-dependence is generally made for individual proteins or pathways, and is also increasingly being used to aid protein functional design. Combining high-throughput pKa prediction methods with AlphaFold models allows pH-dependence to be …",Structural,Predictive Analytics,1,1,True
Nominal elastic modulus assessment in 3D-printed components under varying printing parameters using Bayesian methods and random forest surrogate modeling,2025-12-05T14:00:00Z,Plos.org,https://journals.plos.org/plosone/article?id=10.1371/journal.pone.0338204,"The expanding range of materials available for 3D printing is driving its widespread adoption in advanced fields. As 3D printing becomes increasingly prevalent in the manufacturing of industrial components, its advantages in accommodating complex geometries a…",Structural,Robotics/Automation,1,1,True
Artificial intelligence foundation model automates cryo-EM structure determination,2025-12-01T00:00:00Z,Nature.com,https://www.nature.com/articles/s41592-025-02917-7,"We introduce the Cryo-EM Image Evaluation Foundation (Cryo-IEF) model, which has been pretrained on 65 million particle images in an unsupervised manner. Cryo-IEF excels in diverse cryogenic electron microscopy data-processing tasks; it automates the complex …","Structural, Geotechnical",Machine Learning,2,1,True
A comprehensive foundation model for cryo-EM image processing,2025-11-27T00:00:00Z,Nature.com,https://www.nature.com/articles/s41592-025-02916-8,"Cryo-IEF is a pre-trained foundation model for performing diverse image-processing tasks in single-particle cryo-EM. CryoWizard, enabled by Cryo-IEF, is a fully automated cryo-EM processing pipeline.","Structural, Geotechnical","Robotics/Automation, Machine Learning, Computer Vision",2,3,True
India’s GCCs turn key testing ground for agentic AI ideas,2025-12-01T00:30:00Z,The Times of India,https://economictimes.indiatimes.com/tech/artificial-intelligence/indias-gccs-turn-key-testing-ground-for-agentic-ai-ideas/articleshow/125678088.cms,"India’s global capability centres (GCCs) are rapidly adopting agentic AI, shifting from cost-focused hubs to innovation and product engineering centres. Investments in AI, talent upskilling, and automation are driving live deployments in various sectors. As a…",Geotechnical,Robotics/Automation,1,1,True
Harnessing artificial intelligence to advance CRISPR-based genome editing technologies,2025-11-18T00:00:00Z,Nature.com,https://www.nature.com/articles/s41576-025-00907-1,"CRISPR-based genome editing has revolutionized biotechnology, enabling precise DNA modifications for research and therapy. The authors review how artificial intelligence, including deep learning, is advancing genome editing by improving guide RNA design, edit…",Structural,Machine Learning,1,1,True
Latent space-based network analysis for brain–behavior linking in neuroimaging,2025-12-04T00:00:00Z,Nature.com,https://www.nature.com/articles/s41592-025-02896-9,LatentSNA is a method for network analysis in human neuroimaging. It facilitates linking neural activity with behavior and improves biomarker prediction by reducing type II errors.,Structural,Predictive Analytics,1,1,True
Bridging Scales: Machine Learning for the Rational Design and Modelling of Shape Memory Polymers,2025-12-02T00:00:00Z,Royal Society of Chemistry,https://pubs.rsc.org/en/content/articlelanding/2025/sm/d5sm00980d,"Soft Matter, 2025, Accepted ManuscriptDOI: 10.1039/D5SM00980D, Perspective Open Access &nbsp This article is licensed under a Creative Commons Attribution 3.0 Unported Licence.Cheng Yan, Giulia ScaletShape memory polymers (SMPs) are a class of stimuli-respons…",Structural,Machine Learning,1,1,True
Learning robust controllers that work across many partially observable environments,2025-11-27T10:03:14Z,Robohub.org,https://robohub.org/learning-robust-controllers-that-work-across-many-partially-observable-environments/,"In intelligent systems, applications range from autonomous robotics to predictive maintenance problems. To control these systems, the essential aspects are captured with a model. When we design controllers for these models, we almost always face the same chal…",Structural,"Robotics/Automation, Machine Learning",1,2,True
Universal scale-free representations in human visual cortex,2025-11-21T14:00:00Z,Plos.org,https://journals.plos.org/ploscompbiol/article?id=10.1371/journal.pcbi.1013714,"Author summary The human cerebral cortex is thought to encode sensory information in population activity patterns, but the statistical structure of these population codes has yet to be characterized. By examining large-scale neuroimaging recordings of human v…",Structural,Computer Vision,1,1,True
Structure-enhanced graph meta learning for few-shot gene regulatory network inference,2025-11-20T00:00:00Z,Biomedcentral.com,https://genomebiology.biomedcentral.com/articles/10.1186/s13059-025-03860-8,"Inferring gene regulatory networks (GRNs) is essential for understanding biological regulation. Although numerous deep learning approaches have been developed for GRN inference, most require large amounts of labeled data. We present Meta-TGLink, a structure-e…",Structural,Machine Learning,1,1,True
KAN-GLNet: An enhanced PointNet++ model for canola silique segmentation and counting,2025-11-17T14:00:00Z,Plos.org,https://journals.plos.org/plosone/article?id=10.1371/journal.pone.0336622,"Accurate analysis of plant phenotypic traits is crucial for crop breeding and precision agriculture. This study proposes a lightweight semantic segmentation model named KAN-GLNet (Kolmogorov–Arnold Network with Global–Local Feature Modulation), based on an en…",Structural,Machine Learning,1,1,True
"Jennifer Lewis ScD ’91: “Can we make tissues that are made from you, for you?”",2025-12-09T22:20:00Z,Mit.edu,https://news.mit.edu/2025/jennifer-lewis-dresselhaus-lecture-printing-soft-and-living-matter-1209,"In the 2025 Dresselhaus Lecture, the materials scientist describes her work 3D printing soft materials ranging from robots to human tissues.",Structural,Robotics/Automation,1,1,True
India’s robot workforce in terra incognita,2025-12-08T01:46:00Z,BusinessLine,https://www.thehindubusinessline.com/specials/emerging-entrepreneurs/indias-robot-workforce-in-terra-incognita/article70365056.ece,"As labour shortages intensify, safety standards rise, and precision becomes non-negotiable, automation is no longer futuristic.",Construction Management,Robotics/Automation,1,1,True
Bio-hybrid robots turn food waste into functional machines,2025-12-07T03:53:26Z,Space Daily,https://www.spacedaily.com/reports/Bio_hybrid_robots_turn_food_waste_into_functional_machines_999.html,"Lausanne Switzerland (SPX) Dec 05, 2025


EPFL scientists have integrated discarded crustacean shells into robotic devices, leveraging the strength and flexibility of natural materials for robotic applications. 

Although many roboticists today turn to nature…",Structural,Robotics/Automation,1,1,True
RLWRLD Partners with Microsoft to Accelerate Global Innovation in Industrial Robotics AI,2025-11-26T14:00:00Z,GlobeNewswire,https://www.globenewswire.com/news-release/2025/11/26/3195174/0/en/RLWRLD-Partners-with-Microsoft-to-Accelerate-Global-Innovation-in-Industrial-Robotics-AI.html,"The partnership leverages Microsoft Azure to scale robotics AI model development and performance, with joint proof-of-concept deployments and market expansion planned across manufacturing, logistics, and hospitality sectors in Asia. The partnership leverages …",Transportation,"Robotics/Automation, Machine Learning",1,2,True
Betting on the Backbone: 3 AI Infrastructure Stocks,2025-11-25T15:23:00Z,MarketBeat,https://www.marketbeat.com/originals/betting-on-the-backbone-3-ai-infrastructure-stocks/?utm_source=yahoofinance&amp;utm_medium=yahoofinance,Intense demand for clean power and critical minerals builds a tangible investment floor for the infrastructure stocks fueling the artificial intelligence...,Transportation,Machine Learning,1,1,True
"Construction Robots Business Analysis Report 2025: Market to Reach $659.7 Billion by 2030, Fueled by Demolition Robots, Labor Shortage, and Cost Reduction in Robotic Technology",2025-11-25T14:34:00Z,GlobeNewswire,https://www.globenewswire.com/news-release/2025/11/25/3194453/28124/en/Construction-Robots-Business-Analysis-Report-2025-Market-to-Reach-659-7-Billion-by-2030-Fueled-by-Demolition-Robots-Labor-Shortage-and-Cost-Reduction-in-Robotic-Technology.html,"The construction robots market is set to transform the industry by enhancing efficiency and safety, addressing labor shortages, and meeting urbanization demands. Key opportunities lie in advancing AI, machine learning, and robotics, driven by complex architec…","Structural, Construction Management","Robotics/Automation, Machine Learning",2,2,True
INTAMSYS Launches the FUNMAT PRO 310 APOLLO: Redefining Continuous Production with High-Speed,2025-11-24T09:37:47Z,Antaranews.com,https://en.antaranews.com/news/393461/intamsys-launches-the-funmat-pro-310-apollo-redefining-continuous-production-with-high-speed,"INTAMSYS, a global leader in industrial FFF 3D printing, officially launched today its next-generation high-performance materials 3D printer, the FUNMAT PRO ...",Structural,Robotics/Automation,1,1,True
Crown Point Capital Unveils Automated Decision Framework as Digital-Asset Trading Enters a New Era of Machine-Led Execution,2025-12-09T10:23:00Z,GlobeNewswire,https://www.globenewswire.com/news-release/2025/12/09/3202135/0/en/Crown-Point-Capital-Unveils-Automated-Decision-Framework-as-Digital-Asset-Trading-Enters-a-New-Era-of-Machine-Led-Execution.html,"BRISTOL, United Kingdom, Dec. 09, 2025 (GLOBE NEWSWIRE) -- Automation continues to reshape the operational structure of digital-asset markets, accelerating the shift toward systems capable of managing complex trading environments with minimal human involvemen…",Structural,Robotics/Automation,1,1,True
Top 5 Manual Accessibility Testing Tools,2025-12-08T13:23:51Z,Uxpin.com,https://www.uxpin.com/studio/blog/manual-accessibility-testing-tools/,"Compare five manual accessibility tools for screen-reader checks, cross-device testing, visual overlays, and structural validation.
The post Top 5 Manual Accessibility Testing Tools appeared first on Studio by UXPin.",Structural,Computer Vision,1,1,True
Decentralized trust optimization in VANETs: A blockchain-driven hybrid PoS-PBFT architecture for enhanced security and energy-efficient communication,2025-12-15T14:00:00Z,Plos.org,https://journals.plos.org/plosone/article?id=10.1371/journal.pone.0338618,"Vehicular Ad Hoc Networks (VANETs) are essential for the success of Intelligent Transportation Systems (ITS), providing real-time communication between vehicles and infrastructure. However, the highly dynamic and decentralized nature of VANETs introduces sign…",Transportation,Generative Design,1,1,True
STICformer: spatio-temporal intrinsic connections transformer for traffic flow prediction,2025-12-15T00:00:00Z,Nature.com,https://www.nature.com/articles/s41598-025-31594-x,Scientific Reports - STICformer: spatio-temporal intrinsic connections transformer for traffic flow prediction,Transportation,Predictive Analytics,1,1,True
Google and Microsoft Race to Rewrite Big Tech’s Playbook,2025-12-10T23:29:21Z,pymnts.com,https://www.pymnts.com/artificial-intelligence-2/2025/google-and-microsoft-race-to-rewrite-big-techs-playbook/,"Wearables, robotics and infrastructure are emerging as the next places big tech is trying to capture value in the artificial intelligence (AI) stack. This week’s developments, from Google’s smart-glasses revival to Skild AI’s acquisition talks and multibillio…",Transportation,"Robotics/Automation, Machine Learning",1,2,True
Amazon to Invest $35 Billion to Enhance AI and Logistics in India,2025-12-10T17:37:21Z,pymnts.com,https://www.pymnts.com/amazon/2025/amazon-to-invest-35-billion-to-enhance-ai-and-logistics-in-india/,"Amazon plans to invest $35 billion in India through 2030 to support business expansion, artificial intelligence (AI) digitization, export growth and job creation. This will build on the $40 billion the company has already invested in India in terms of compens…",Transportation,Machine Learning,1,1,True
Gaskin: Owning AI future means owning the energy future,2025-12-10T08:04:19Z,Biztoc.com,https://biztoc.com/x/43ce2301f2894da6,"Artificial intelligence is transforming nearly every sector of society— medicine, transportation, education, finance, and the future of work. President Trump has made it clear that he wants the United States to dominate this technological revolution. Gov. Mau…",Transportation,Machine Learning,1,1,True
"AI Won’t Transform Mobility Without Unprecedented Collaboration, Study Reveals",2025-12-08T08:28:45Z,Financial Post,https://financialpost.com/pmn/business-wire-news-releases-pmn/ai-wont-transform-mobility-without-unprecedented-collaboration-study-reveals,"First comprehensive analysis of real-world AI applications exposes critical gap between technology’s promise and scaled deployment, according to the MIT Mobility Initiative and Kearney Advanced Mobility Institute RIYADH, Saudi Arabia — Artificial intelligence…","Structural, Transportation",Machine Learning,2,1,True
A multi-task deep learning approach for landslide displacement prediction with applications in early warning systems,2025-12-08T00:00:00Z,Nature.com,https://www.nature.com/articles/s41598-025-29084-1,Scientific Reports - A multi-task deep learning approach for landslide displacement prediction with applications in early warning systems,Geotechnical,"Machine Learning, Predictive Analytics",1,2,True
AI Becomes the Operating Backbone of the Power Sector,2025-12-02T01:00:00Z,Yahoo Entertainment,https://finance.yahoo.com/news/ai-becomes-operating-backbone-power-010000452.html,"AI is transforming the entire energy value chain, from optimizing oil and gas exploration and drilling to improving renewable energy forecasting, grid...",Environmental Engineering,Predictive Analytics,1,1,True
"North America Automated Machine Learning Market Report 2025-2033 by Offering, Enterprise Size, Deployment Mode, Application, End Use, Countries and Company Analysis",2025-11-28T09:03:00Z,GlobeNewswire,https://www.globenewswire.com/news-release/2025/11/28/3196050/28124/en/North-America-Automated-Machine-Learning-Market-Report-2025-2033-by-Offering-Enterprise-Size-Deployment-Mode-Application-End-Use-Countries-and-Company-Analysis.html,"The North America Automated Machine Learning (AutoML) Market is projected to grow from US$ 1.02 billion in 2024 to US$ 13 billion by 2033, with a CAGR of 32.66%. Key growth drivers include rising demand for AI-driven solutions, a shortage of skilled data scie…",Structural,"Robotics/Automation, Machine Learning",1,2,True
"Artificial Intelligence of Things (AIoT) Market Trends & Investment Opportunities 2025-2034, Featuring Strategic Analysis of Google, IBM, Microsoft, Oracle, AWS and More",2025-11-27T14:50:00Z,GlobeNewswire,https://www.globenewswire.com/news-release/2025/11/27/3195755/28124/en/Artificial-Intelligence-of-Things-AIoT-Market-Trends-Investment-Opportunities-2025-2034-Featuring-Strategic-Analysis-of-Google-IBM-Microsoft-Oracle-AWS-and-More.html,"As AIoT evolves, solutions emphasize adaptability, security, and cost-efficiency to support global digital transformation initiatives As AIoT evolves, solutions emphasize adaptability, security, and cost-efficiency to support global digital transformation ini…",Structural,Machine Learning,1,1,True
An auditory-visual cooperative perception method for honking vehicle localization,2025-11-21T14:00:00Z,Plos.org,https://journals.plos.org/plosone/article?id=10.1371/journal.pone.0337352,"Locating honking vehicles is crucial for controlling arbitrary honking and reducing environmental noise. However, traditional methods for honking vehicle localization, which utilize sound source localization technology, suffer from inaccuracies and limited de…",Environmental Engineering,Computer Vision,1,1,True
In Times Of Supply Chain Volatility Logistics And Fulfillment Take Center Stage,2025-11-17T16:13:39Z,Forrester.com,https://www.forrester.com/blogs/in-times-of-supply-chain-volatility-logistics-and-fulfillment-take-center-stage/,"Thanks  to concerns about tariffs and geopolitics, Forrester clients express keen interest in the impact of technology on fulfillment. You might have seen that we wrote about the rediscovery of route optimization and the emergence of transportation grids in e…",Transportation,Generative Design,1,1,True
"U.S. Digital Twin Market Forecasted to $36.01 Billion by 2028 - Industry Growth, Smart Tech & Outlook",2025-11-17T14:30:00Z,GlobeNewswire,https://www.globenewswire.com/news-release/2025/11/17/3189263/0/en/U-S-Digital-Twin-Market-Forecasted-to-36-01-Billion-by-2028-Industry-Growth-Smart-Tech-Outlook.html,"Delray Beach, FL, Nov. 17, 2025 (GLOBE NEWSWIRE) -- The report ""Digital Twin Market by Application (Predictive Maintenance, Business optimization, Performance Monitoring, Inventory Management), Industry (Automotive & Transportation, Healthcare, Energy & Utili…",Transportation,Generative Design,1,1,True
STF-DKANMixer: Tri-component decomposition with KAN-MLP hybrid architecture for time series forecasting,2025-12-08T14:00:00Z,Plos.org,https://journals.plos.org/plosone/article?id=10.1371/journal.pone.0337793,"Long-term time series forecasting is critical for domains such as traffic and energy systems, yet contemporary models often fail to capture complex multiscale patterns and nonlinear dynamics, resulting in significant inaccuracies during periods of abrupt chan…",Transportation,Predictive Analytics,1,1,True
"System Infrastructure Software Market to Reach USD 297.18 Billion by 2032, Growing at a CAGR of 7.12% | Research by SNS Insider",2025-12-06T14:45:00Z,GlobeNewswire,https://www.globenewswire.com/news-release/2025/12/06/3201066/0/en/System-Infrastructure-Software-Market-to-Reach-USD-297-18-Billion-by-2032-Growing-at-a-CAGR-of-7-12-Research-by-SNS-Insider.html,"The system infrastructure software market is expanding as businesses accelerate digital transformation, driven by strong cloud adoption, automation initiatives, and rising demand for scalable IT management solutions that enhance performance, reduce costs, and…",Transportation,Robotics/Automation,1,1,True
"AI Consulting and Support Services Market Analysis Report 2025-2032: Adoption Surges as 70% of Businesses Accelerate Integration Across Healthcare, Finance, Retail, and Manufacturing",2025-11-21T09:03:00Z,GlobeNewswire,https://www.globenewswire.com/news-release/2025/11/21/3192566/28124/en/AI-Consulting-and-Support-Services-Market-Analysis-Report-2025-2032-Adoption-Surges-as-70-of-Businesses-Accelerate-Integration-Across-Healthcare-Finance-Retail-and-Manufacturing.html,"AI Consulting and Support Services offer significant opportunities through rising AI adoption, driven by automation and digital transformation. Key areas include Analytics Consulting and Digital Strategy, with demand growing in healthcare and SMEs. Regions li…",Structural,Robotics/Automation,1,1,True
LiDAR Perimeter Detection Market Size to Surpass USD 4.07 Billion by 2033 | SNS Insider,2025-12-10T12:00:00Z,GlobeNewswire,https://www.globenewswire.com/news-release/2025/12/10/3203045/0/en/LiDAR-Perimeter-Detection-Market-Size-to-Surpass-USD-4-07-Billion-by-2033-SNS-Insider.html,"LiDAR Perimeter Detection Market Size, Share & Trends Analysis Report, By Component, By Application, By Range, By End User, and Region | Forecast 2026-2033",Structural,Computer Vision,1,1,True
SoftBank and Nvidia Consider Joining Funding Round for Robotics Firm Skild AI,2025-12-08T21:43:44Z,pymnts.com,https://www.pymnts.com/artificial-intelligence-2/2025/softbank-and-nvidia-consider-joining-funding-round-for-robotics-firm-skild-ai/,"SoftBank Group and Nvidia are reportedly in talks to participate in a more than $1 billion funding round for Skild AI, a maker of foundation models for robots. The round, which has not been finalized and could change, could nearly triple Skild’s valuation fro…","Structural, Geotechnical",Robotics/Automation,2,1,True
"Robotic Vehicle Sensor Market - Forecasts from 2025 to 2030: Opportunities Driven by Government Initiatives Like NIST's AV Programme, Significant Robotics Investments, China's Manufacturing Leadership",2025-12-05T11:45:00Z,GlobeNewswire,https://www.globenewswire.com/news-release/2025/12/05/3200566/28124/en/Robotic-Vehicle-Sensor-Market-Forecasts-from-2025-to-2030-Opportunities-Driven-by-Government-Initiatives-Like-NIST-s-AV-Programme-Significant-Robotics-Investments-China-s-Manufactu.html,"The robotic vehicle sensor market is expanding rapidly due to increased autonomous vehicle adoption and EV sector growth. Key opportunities are driven by government initiatives like NIST's AV Programme, significant robotics investments, and China's manufactur…",Transportation,Robotics/Automation,1,1,True
New Study: Artificial Intelligence Can Already Do 11.7% of U.S. Work,2025-11-29T03:44:39Z,Freerepublic.com,https://freerepublic.com/focus/f-chat/4355099/posts,A new labor market analysis from Massachusetts Institute of Technology suggests that artificial intelligence is no longer a future threat to jobs. It is already capable of performing tasks tied to 11.7 percent of total U.S. wages. That represents as much as $…,Structural,Machine Learning,1,1,True
"Simulation Software Market to Reach USD 56.13 Billion by 2033, Driven by Rising Demand for Cost-Efficient Product Design and Testing | Research by SNS Insider",2025-11-19T15:00:00Z,GlobeNewswire,https://www.globenewswire.com/news-release/2025/11/19/3191125/0/en/Simulation-Software-Market-to-Reach-USD-56-13-Billion-by-2033-Driven-by-Rising-Demand-for-Cost-Efficient-Product-Design-and-Testing-Research-by-SNS-Insider.html,"The simulation software market is gaining momentum as industries increasingly adopt digital twins, AI, IoT, and advanced simulation tools to reduce prototype costs, accelerate time-to-market, enhance product quality, and support real-time prediction, monitori…",Structural,Predictive Analytics,1,1,True
Jayud Global Logistics Subsidiary Receives CAAC Certification for Drone Pilot Training Operations,2025-11-19T12:30:00Z,GlobeNewswire,https://www.globenewswire.com/news-release/2025/11/19/3190831/0/en/Jayud-Global-Logistics-Subsidiary-Receives-CAAC-Certification-for-Drone-Pilot-Training-Operations.html,"Jiniu Aviation Services Expands Low-Altitude Economy Business with Guangdong Guangsheng Aviation Partnerships  SHENZHEN, China, Nov.  19, 2025  (GLOBE......",Transportation,Robotics/Automation,1,1,True
"U.S. Drone Market Trends Analysis Report 2025-2030: Expansion Fueled by AI Autonomy, Drone-as-a-Service Adoption, BVLOS Expansion, Hybrid Delivery Models, Eco-Focused Operations, Counter-UAS Solutions",2025-11-19T09:59:00Z,GlobeNewswire,https://www.globenewswire.com/news-release/2025/11/19/3190713/28124/en/U-S-Drone-Market-Trends-Analysis-Report-2025-2030-Expansion-Fueled-by-AI-Autonomy-Drone-as-a-Service-Adoption-BVLOS-Expansion-Hybrid-Delivery-Models-Eco-Focused-Operations-Counter-.html,"Key opportunities in the U.S. drone market include AI-enhanced autonomy and analytics, rising adoption of drone-as-a-service, BVLOS operational expansions, hybrid delivery systems, eco-focused services, and counter-UAS solutions. These provide pathways for in…",Structural,Robotics/Automation,1,1,True
"Elon Musk says Tesla owners will soon be able to text while driving, despite it being illegal in nearly all 50 states",2025-12-05T18:57:25Z,Fortune,https://fortune.com/2025/12/05/elon-musk-tesla-owners-texting-driving-full-self-driving-illegal/,Safety experts say sending texts behind the wheel of a full self-driving Tesla would completely undermine the automated features the vehicle has in place.,Construction Management,Robotics/Automation,1,1,True
Chemical Logistics Market Set for Robust Growth as Industries Accelerate Supply Chain Optimization: Verified Market Research®,2025-12-05T15:50:00Z,GlobeNewswire,https://www.globenewswire.com/news-release/2025/12/05/3200857/0/en/Chemical-Logistics-Market-Set-for-Robust-Growth-as-Industries-Accelerate-Supply-Chain-Optimization-Verified-Market-Research.html,"The Chemical Logistics Market is expanding due to rising demand for efficient hazardous material handling, globalized supply chains, and increased chemical production. However, high operational costs, strict regulatory frameworks, and safety compliance challe…","Transportation, Construction Management",Generative Design,2,1,True
"Introducing Amazon Nova 2 Lite, a fast, cost-effective reasoning model",2025-12-02T15:59:40Z,Amazon.com,https://aws.amazon.com/blogs/aws/introducing-amazon-nova-2-lite-a-fast-cost-effective-reasoning-model/,"New fast, cost-effective model supports extended thinking with adjustable reasoning depth, letting you control the balance between speed, intelligence, and cost while building AI applications for everyday workloads.",Structural,Machine Learning,1,1,True
"Global Times: China Port Watch: Tieshan Port, fueled by advanced technologies, prospers at a rapid pace",2025-12-01T13:46:00Z,GlobeNewswire,https://www.globenewswire.com/news-release/2025/12/01/3197053/0/en/Global-Times-China-Port-Watch-Tieshan-Port-fueled-by-advanced-technologies-prospers-at-a-rapid-pace.html,"Beibu Gulf Port rapidly modernizes with drones, automation, and smart systems, boosting trade, capacity, and ASEAN connectivity. Beibu Gulf Port rapidly modernizes with drones, automation, and smart systems, boosting trade, capacity, and ASEAN connectivity.",Transportation,Robotics/Automation,1,1,True
DuploCloud launches AI DevOps Engineers that execute real infrastructure work,2025-12-15T14:00:10Z,SiliconANGLE News,https://siliconangle.com/2025/12/15/duplocloud-launches-ai-devops-engineers-execute-real-infrastructure-work/,"Artificial intelligence-powered DevOps automation company DuploCloud Inc. today announced the launch of AI DevOps Engineers, a new service that allows companies to leverage agentic workflows to provision, troubleshoot and optimize infrastructure. AI DevOps En…",Transportation,"Robotics/Automation, Machine Learning",1,2,True
"Geekstake Introduces BTC, ETH, XRP-focused Cloud Platform Powered by Artificial Intelligence, Advancing Trust, Innovation, and Sustainability",2025-12-14T17:45:00Z,GlobeNewswire,https://www.globenewswire.com/news-release/2025/12/14/3205053/0/en/Geekstake-Introduces-BTC-ETH-XRP-focused-Cloud-Platform-Powered-by-Artificial-Intelligence-Advancing-Trust-Innovation-and-Sustainability.html,"New York, USA, Dec. 14, 2025 (GLOBE NEWSWIRE) -- GeekStake today announced the launch of its newly updated cloud-based platform, with artificial intelligence positioned as the primary driving force behind system reliability, operational transparency, and sust…",Environmental Engineering,Machine Learning,1,1,True
zenith-ai 0.3.4,2025-12-14T09:01:58Z,Pypi.org,https://pypi.org/project/zenith-ai/0.3.4/,High-Performance Data Infrastructure for Machine Learning - Native Rust Performance,Transportation,Machine Learning,1,1,True
zenith-ai 0.3.3,2025-12-14T08:05:59Z,Pypi.org,https://pypi.org/project/zenith-ai/0.3.3/,High-Performance Data Infrastructure for Machine Learning - Native Rust Performance,Transportation,Machine Learning,1,1,True
zenith-ai 0.3.1,2025-12-13T14:35:35Z,Pypi.org,https://pypi.org/project/zenith-ai/0.3.1/,High-Performance Data Infrastructure for Machine Learning - Native Rust Performance,Transportation,Machine Learning,1,1,True
zenith-ai 0.3.0,2025-12-13T09:17:02Z,Pypi.org,https://pypi.org/project/zenith-ai/0.3.0/,High-Performance Data Infrastructure for Machine Learning - Native Rust Performance,Transportation,Machine Learning,1,1,True
"Cisco, Amazon, and Siemens Set the Pace for Intelligent Hospitality Solutions Amid $90 Billion Market Opportunity",2025-12-12T15:36:00Z,GlobeNewswire,https://www.globenewswire.com/news-release/2025/12/12/3204763/28124/en/Cisco-Amazon-and-Siemens-Set-the-Pace-for-Intelligent-Hospitality-Solutions-Amid-90-Billion-Market-Opportunity.html,"The smart hospitality market is poised for growth through digital transformation, sustainability, and automation. Key opportunities include harnessing AI for guest personalization, leveraging cloud and on-premise solutions for scalability and security, and ad…",Environmental Engineering,Robotics/Automation,1,1,True
"Cisco, Amazon, and Siemens Set the Pace for Intelligent Hospitality Solutions Amid $90 Billion Market Opportunity",2025-12-12T15:36:00Z,GlobeNewswire,https://www.globenewswire.com/news-release/2025/12/12/3204764/28124/en/Cisco-Amazon-and-Siemens-Set-the-Pace-for-Intelligent-Hospitality-Solutions-Amid-90-Billion-Market-Opportunity.html,"The smart hospitality market is poised for growth through digital transformation, sustainability, and automation. Key opportunities include harnessing AI for guest personalization, leveraging cloud and on-premise solutions for scalability and security, and ad…",Environmental Engineering,Robotics/Automation,1,1,True
Scaling MLflow for enterprise AI: What’s New in SageMaker AI with MLflow,2025-12-11T18:16:19Z,Amazon.com,https://aws.amazon.com/blogs/machine-learning/scaling-mlflow-for-enterprise-ai-whats-new-in-sagemaker-ai-with-mlflow/,"Today we’re announcing Amazon SageMaker AI with MLflow, now including a serverless capability that dynamically manages infrastructure provisioning, scaling, and operations for artificial intelligence and machine learning (AI/ML) development tasks. In this pos…",Transportation,Machine Learning,1,1,True
LightSolver’s Dani Gluck to Speak on Laser-Based Computing at Quantum Algorithms and Optimization in Athens,2025-12-10T07:00:00Z,GlobeNewswire,https://www.globenewswire.com/news-release/2025/12/10/3202922/0/en/LightSolver-s-Dani-Gluck-to-Speak-on-Laser-Based-Computing-at-Quantum-Algorithms-and-Optimization-in-Athens.html,"Dec. 17 Presentation Will Outline How LightSolver’s Laser Processing Unit Can Advance Fields Like Climate Modeling, Materials Discovery, and Energy Infrastructure Dec. 17 Presentation Will Outline How LightSolver’s Laser Processing Unit Can Advance Fields Lik…","Structural, Transportation, Environmental Engineering",Generative Design,3,1,True
Machine Learning Course for Software Engineers: Interview Kickstart Launches Structured 8-Month ML Program for Career Transition,2025-12-08T17:03:00Z,GlobeNewswire,https://www.globenewswire.com/news-release/2025/12/08/3201826/0/en/Machine-Learning-Course-for-Software-Engineers-Interview-Kickstart-Launches-Structured-8-Month-ML-Program-for-Career-Transition.html,"SANTA CLARA, CA, Dec. 08, 2025 (GLOBE NEWSWIRE) -- Software engineers are increasingly seeking structured pathways to transition into machine learning roles as companies expand their use of artificial intelligence across product development, infrastructure, a…",Transportation,Machine Learning,1,1,True
Zoomer: Powering AI Performance at Meta’s Scale Through Intelligent Debugging and Optimization,2025-11-21T21:00:15Z,Fb.com,https://engineering.fb.com/2025/11/21/data-infrastructure/zoomer-powering-ai-performance-meta-intelligent-debugging-optimization/,"We’re introducing Zoomer, Meta’s comprehensive, automated debugging and optimization platform for AI.  Zoomer works across all of our training and inference workloads at Meta and provides deep performance insights that enable energy savings, workflow accelera…",Construction Management,"Robotics/Automation, Generative Design",1,2,True
Into the Omniverse: How Smart City AI Agents Transform Urban Operations,2025-11-20T16:00:39Z,Nvidia.com,https://blogs.nvidia.com/blog/smart-city-ai-agents-urban-operations/,"Cities are deploying AI agents, digital twins and computer vision to turn fragmented urban infrastructure into intelligent, responsive spaces.",Transportation,Computer Vision,1,1,True
"On-Device AI Market for IoT Applications Analysis Report 2025: Market to Reach $30.6 Billion in 2029 at a CAGR of 25%, AI-Enabled Edge Devices Accelerate the Next Generation of IoT Applications",2025-11-20T09:06:00Z,GlobeNewswire,https://www.globenewswire.com/news-release/2025/11/20/3191645/28124/en/On-Device-AI-Market-for-IoT-Applications-Analysis-Report-2025-Market-to-Reach-30-6-Billion-in-2029-at-a-CAGR-of-25-AI-Enabled-Edge-Devices-Accelerate-the-Next-Generation-of-IoT-App.html,"Opportunities in the on-device AI market include real-time responses, energy efficiency, and cost-effectiveness in IoT devices across consumer, industrial, and automotive sectors. Growth is driven by advancements in generative AI, robotics, and autonomous app…","Structural, Environmental Engineering",Robotics/Automation,2,1,True
"Micropolis Robotics Unveils New Industrial-Grade, IP67-Rated Computing Module Powered by NVIDIA for Advanced AI Processing of its Robots",2025-11-18T13:45:00Z,GlobeNewswire,https://www.globenewswire.com/news-release/2025/11/18/3190055/0/en/Micropolis-Robotics-Unveils-New-Industrial-Grade-IP67-Rated-Computing-Module-Powered-by-NVIDIA-for-Advanced-AI-Processing-of-its-Robots.html,"High-performance, low-latency AI processing will be installed directly on Microspot, Micropolis’ proprietary real-time surveillance, behavior-analysis, and mission-management platform",Structural,"Robotics/Automation, Computer Vision",1,2,True
Senior Machine Learning Engineer-EN,2025-11-18T00:00:00Z,Nlppeople.com,https://nlppeople.com/job/senior-machine-learning-engineer-en/,"About This Role Who We Are:  • CAE Vision: Our vision is to be the worldwide partner of choice in defense and security, and civil aviation by revolutionizing our customers’ training and critical operations with digitally immersive solutions to elevate safety,…",Construction Management,Machine Learning,1,1,True
Three insights you may have missed from theCUBE’s coverage of AWS re:Invent,2025-12-11T17:00:47Z,SiliconANGLE News,https://siliconangle.com/2025/12/11/three-insights-shaping-aws-next-era-agentic-ai-awsreinvent/,Something that’s been building for several years has finally come into clearer view as enterprises shift their attention from model performance to the systems that bring intelligence into production. The conversation now centers on how agentic AI fits into re…,Structural,Machine Learning,1,1,True
robo-infra 0.1.7,2025-12-13T08:29:04Z,Pypi.org,https://pypi.org/project/robo-infra/0.1.7/,Universal robotics infrastructure - control any robot from servo to rocket,Transportation,Robotics/Automation,1,1,True
robo-infra 0.1.6,2025-12-13T08:09:08Z,Pypi.org,https://pypi.org/project/robo-infra/0.1.6/,Universal robotics infrastructure - control any robot from servo to rocket,Transportation,Robotics/Automation,1,1,True
robo-infra 0.1.5,2025-12-12T18:08:09Z,Pypi.org,https://pypi.org/project/robo-infra/0.1.5/,Universal robotics infrastructure - control any robot from servo to rocket,Transportation,Robotics/Automation,1,1,True
robo-infra 0.1.3,2025-12-12T09:10:34Z,Pypi.org,https://pypi.org/project/robo-infra/0.1.3/,Universal robotics infrastructure - control any robot from servo to rocket,Transportation,Robotics/Automation,1,1,True
robo-infra added to PyPI,2025-12-12T09:08:14Z,Pypi.org,https://pypi.org/project/robo-infra/,Universal robotics infrastructure - control any robot from servo to rocket,Transportation,Robotics/Automation,1,1,True
(PR) Just Launched OpenAI GPT-5.2 Trained & Deployed on NVIDIA Infrastructure,2025-12-11T19:54:13Z,Techpowerup.com,https://www.techpowerup.com/343996/just-launched-openai-gpt-5-2-trained-deployed-on-nvidia-infrastructure,"Unveiling what it describes as the most capable model series yet for professional knowledge work, OpenAI launched GPT-5.2 today. The model was trained and deployed on NVIDIA infrastructure, including NVIDIA Hopper and GB200 NVL72 systems. It's the latest exam…",Transportation,Machine Learning,1,1,True
"As AI Grows More Complex, Model Builders Rely on NVIDIA",2025-12-11T19:19:57Z,Nvidia.com,https://blogs.nvidia.com/blog/leading-models-nvidia/,"Unveiling what it describes as the most capable model series yet for professional knowledge work, OpenAI launched GPT-5.2 today. The model was trained and deployed on NVIDIA infrastructure, including NVIDIA Hopper and GB200 NVL72 systems. It’s the latest exam…",Transportation,Machine Learning,1,1,True
Google DeepMind agrees to sweeping partnership with U.K. government focused on science and clean energy,2025-12-11T00:01:00Z,Fortune,https://fortune.com/2025/12/10/google-deepmind-uk-government-partnership-science-clean-energy/,"The collaboration will see the AI company collaborating with the British government on a robotic lab for new materials, fusion energy, and new research into AI safety and the societal impacts of AI","Structural, Construction Management",Robotics/Automation,2,1,True
Google and Microsoft Race to Rewrite Big Tech’s Playbook,2025-12-10T23:54:12Z,Biztoc.com,https://biztoc.com/x/2cd411ef1fcd12c6,"Wearables, robotics and infrastructure are emerging as the next places big tech is trying to capture value in the artificial intelligence (AI) stack. This week’s developments, from Google’s smart-glasses revival to Skild AI’s acquisition talks and multibillio…",Transportation,"Robotics/Automation, Machine Learning",1,2,True
AMD Introduces EPYC Embedded 2005 Series Processors,2025-12-10T06:33:39Z,Madshrimps.be,https://www.madshrimps.be/news/amd-introduces-epyc-embedded-2005-series-processors/,"AI-driven workloads are transforming the performance and efficiency requirements of embedded infrastructure systems. From networking switches, routers, and DPU control planes to cold cloud storage, aerospace and robotics applications, today's embedded computi…",Transportation,Robotics/Automation,1,1,True
PitchBook: AI is becoming the defining infrastructure layer of the global economy,2025-12-10T05:01:20Z,SiliconANGLE News,https://siliconangle.com/2025/12/10/pitchbook-ai-becoming-defining-infrastructure-layer-global-economy/,"A new report out today from private capital market intelligence company PitchBook Data Inc. paints a picture of artificial intelligence as the defining infrastructure layer for the next half-century, with the most competition now underway across enterprise so…",Transportation,Machine Learning,1,1,True
Deep Robotics raises $70M to boost robotics innovation,2025-12-10T03:02:37Z,Crypto Briefing,https://cryptobriefing.com/deep-robotics-innovation-funding/,"Deep Robotics' funding surge may accelerate China's leadership in robotics, impacting global tech dynamics and infrastructure automation.
The post Deep Robotics raises $70M to boost robotics innovation appeared first on Crypto Briefing.",Transportation,Robotics/Automation,1,1,True
"Enterprise Mobility Management Market Set for Rapid Growth to USD 118.16 Billion by 2033, Driven by Mobile Workforce Expansion and BYOD Adoption | Research by SNS Insider",2025-12-15T14:45:00Z,GlobeNewswire,https://www.globenewswire.com/news-release/2025/12/15/3205548/0/en/Enterprise-Mobility-Management-Market-Set-for-Rapid-Growth-to-USD-118-16-Billion-by-2033-Driven-by-Mobile-Workforce-Expansion-and-BYOD-Adoption-Research-by-SNS-Insider.html,"Enterprise Mobility Management Market Size & Segmentation By Component, Deployment Model, Enterprise Size, Devices Type and Industry Vertical | 2026-2033...",Transportation,Machine Learning,1,1,True
wikimedia-spicerack 12.2.0,2025-12-15T09:47:27Z,Pypi.org,https://pypi.org/project/wikimedia-spicerack/12.2.0/,Automation framework for the WMF production infrastructure,Transportation,Robotics/Automation,1,1,True
"AC Drives Market to Surpass USD 35.70 Billion by 2032, Driven by Automation and Energy Efficiency Trends",2025-12-15T09:13:00Z,GlobeNewswire,https://www.globenewswire.com/news-release/2025/12/15/3205184/28124/en/AC-Drives-Market-to-Surpass-USD-35-70-Billion-by-2032-Driven-by-Automation-and-Energy-Efficiency-Trends.html,"AC drives are expanding opportunities through energy management, automation, and sustainability. Increased digital integration, regulatory mandates, and regional dynamics underscore the need for tailored, efficient solutions. The market is poised for signific…",Environmental Engineering,Robotics/Automation,1,1,True
The Best High-Growth Tech Stocks Outside of the QQQ,2025-12-14T15:46:35Z,Biztoc.com,https://biztoc.com/x/2e01194bf7060777,"Quick Read
-
Oracle (ORCL) shares have fallen 40% from highs as AI skepticism weighs on the $561B database and infrastructure company.
-
IBM trades at 24.8x forward P/E as the $285B firm pursues quantum computing and enterprise AI automation.
-
Snowflake (SNO…",Transportation,Robotics/Automation,1,1,True
"Nurse Call System Market Set for Steady Expansion to USD 4.87 Billion by 2033, Driven by Rising Demand for Patient Safety and Hospital Automation | Research by SNS Insider",2025-12-13T15:00:00Z,GlobeNewswire,https://www.globenewswire.com/news-release/2025/12/13/3204991/0/en/Nurse-Call-System-Market-Set-for-Steady-Expansion-to-USD-4-87-Billion-by-2033-Driven-by-Rising-Demand-for-Patient-Safety-and-Hospital-Automation-Research-by-SNS-Insider.html,"Nurse Call System Market Size, Share & Segmentation By Technology, Application, End-User, Equipment, and Region | Global Forecast 2026-2033...",Construction Management,Robotics/Automation,1,1,True
The future of AI-powered software optimization (and how it can help your team),2025-12-12T20:43:39Z,Github.blog,https://github.blog/news-insights/policy-news-and-insights/the-future-of-ai-powered-software-optimization-and-how-it-can-help-your-team/,"We envision the future of AI-enabled tooling to look like near-effortless engineering for sustainability. We call it Continuous Efficiency.
The post The future of AI-powered software optimization (and how it can help your team) appeared first on The GitHub Bl…",Environmental Engineering,Generative Design,1,1,True
Nvidia says no concrete evidence yet in alleged DeepSeek GPU smuggling case,2025-12-11T08:50:42Z,Digitimes,https://www.digitimes.com/news/a20251211PD234/nvidia-deepseek-gpu-startup-data.html,Chinese artificial intelligence startup DeepSeek is under scrutiny for allegedly circumventing US export restrictions by illegally acquiring thousands of Nvidia's Blackwell architecture GPUs. Nvidia acknowledged the situation but said it had no concrete evide…,Structural,Machine Learning,1,1,True
Machine learning analysis of oral solid dosage formulation solubility variations by adjusting pressure and temperature,2025-12-10T00:00:00Z,Nature.com,https://www.nature.com/articles/s41598-025-31759-8,Scientific Reports - Machine learning analysis of oral solid dosage formulation solubility variations by adjusting pressure and temperature,Structural,Machine Learning,1,1,True
Interior Design Trends of 2025,2025-12-09T04:00:00Z,ArchDaily,https://www.archdaily.com/1036727/interior-design-trends-of-2025,"As 2025 approaches its end, we look back at an eventful year in the world of interior design. Last year, designers favored reserved, modest approaches, a trend that continued from previous years. The emergence of artificial intelligence generated intense disc…",Structural,Machine Learning,1,1,True
Effortless Design? Exploring Architecture Tools That Enhance the Creative Design Process,2025-12-04T06:45:00Z,ArchDaily,https://www.archdaily.com/1036430/effortless-design-exploring-architecture-tools-that-enhance-the-creative-design-process,"Finding the right tools to represent a project idea or carry out a construction job remains an ongoing challenge for architecture and design professionals. While software for drafting, 3D modeling, and calculations has increased precision and efficiency, many…",Structural,Generative Design,1,1,True
"Leading AI companies' safety practices fall short, says new report",2025-12-03T14:00:00Z,NBC News,https://www.nbcnews.com/tech/tech-news/top-ai-companies-safety-practices-fall-short-says-new-report-rcna246143,"As leading artificial intelligence companies release increasingly capable AI systems, a new report is sounding the alarm about their safety practices.",Construction Management,Machine Learning,1,1,True
"Symposium on Forensic and Counter-Forensic Approaches to International Law: Genocide in Gaza – Earth Observation, Surveillance, and the Politics of Control",2025-12-09T13:00:09Z,Opiniojuris.org,http://opiniojuris.org/2025/12/09/symposium-on-forensic-and-counter-forensic-approaches-to-international-law-genocide-in-gaza-earth-observation-surveillance-and-the-politics-of-control/,"[Dr. Giuliana Rotola is a space law and policy specialist whose work spans sustainability, governance, Indigenous methodologies, and post-colonial approaches to space norms. She is fellowship coordinator at the Palestine Space Institute.] Earth Observation as…",Environmental Engineering,Computer Vision,1,1,True
AI4X Roadmap: Artificial Intelligence for the advancement of scientific pursuit and its future directions,2025-11-26T02:10:28Z,Arxiv.org,https://arxiv.org/abs/2511.20976,"Artificial intelligence and machine learning are reshaping how we approach scientific discovery, not by replacing established methods but by extending what researchers can probe, predict, and design. In this roadmap we provide a forward-looking view of AI-ena…",Structural,Machine Learning,1,1,True
Traditional PR Agencies Lose Ground as Baden Bower Disrupts With Results,2025-11-25T19:43:46Z,The Daily Caller,https://dailycaller.com/2025/11/25/traditional-pr-agencies-lose-ground-as-baden-bower-disrupts-with-results/,"Guaranteed Publication Model Challenges Century-Old Industry Standards Traditional public relations firms face mounting pressure from a challenger rewriting the rules of media engagement. Baden Bower, a New York-based agency, achieved $30 million in annual re…",Geotechnical,Machine Learning,1,1,True
Prediction of mechanical performance in prestressed concrete continuous rigid-frame bridges using CatBoost,2025-11-23T00:00:00Z,Nature.com,https://www.nature.com/articles/s41598-025-28574-6,Scientific Reports - Prediction of mechanical performance in prestressed concrete continuous rigid-frame bridges using CatBoost,Structural,Predictive Analytics,1,1,True
"Efficient Optimization With Ax, an Open Platform for Adaptive Experimentation",2025-11-18T17:00:24Z,Fb.com,https://engineering.fb.com/2025/11/18/open-source/efficient-optimization-ax-open-platform-adaptive-experimentation/,"We’ve released Ax 1.0, an open-source platform that uses machine learning to automatically guide complex, resource-intensive experimentation. Ax is used at scale across Meta to improve AI models, tune production infrastructure, and accelerate advances in ML a…",Transportation,"Machine Learning, Generative Design",1,2,True
“We are building a tech bridge between Russia and India”—Herman Gref of Sberbank on bilateral tech ties,2025-12-03T05:56:58Z,The Times of India,https://economictimes.indiatimes.com/news/international/world-news/we-are-building-a-tech-bridge-between-russia-and-indiaherman-gref-of-sberbank-on-bilateral-tech-ties/articleshow/125734817.cms,"Sberbank CEO Herman Gref highlights Russia's leadership in payment technologies and generative AI, emphasizing unique solutions like biometric payments and the open-source GigaChat model. He discusses collaborations with India, the development of AI robots, a…",Structural,Machine Learning,1,1,True
"Presentation: Empathy Driven Platforms: You Build It, Let’s Run It Together",2025-12-01T12:28:00Z,InfoQ.com,https://www.infoq.com/presentations/empathy-psychological-safety/,"Erin Doyle explains the evolution from siloed IT Ops to the Platform Team model, revealing why the ""You Build It, You Run It"" principle created new cognitive load. She shares the Empathy-Driven Platforms strategy - the ultimate attack against engineering road…","Structural, Transportation",Machine Learning,2,1,True
Designing Intelligent Agents with Spring AI,2025-11-24T16:09:00Z,Javacodegeeks.com,https://www.javacodegeeks.com/designing-intelligent-agents-with-spring-ai.html,"Spring AI is a powerful framework that seamlessly integrates AI capabilities into Spring Boot applications. It abstracts complex AI workflows and enables developers to design intelligent agents capable of reasoning, task automation, workflow orchestration, an…","Structural, Construction Management",Robotics/Automation,2,1,True
"3D Printing Construction Market Size to Worth USD 1,389.08 Billion by 2035",2025-11-19T11:27:00Z,GlobeNewswire,https://www.globenewswire.com/news-release/2025/11/19/3190758/0/en/3D-Printing-Construction-Market-Size-to-Worth-USD-1-389-08-Billion-by-2035.html,"According to Towards Chemical and Materials Consulting, the global 3D printing construction market is projected to grow from USD 3.59 billion in 2025 to USD 1,389.08 billion by 2035, growing at a CAGR of 81.44% from 2025 to 2035. According to Towards Chemical…",Structural,Robotics/Automation,1,1,True
Amputees often feel disconnected from their bionic hands. AI could bridge the gap,2025-12-12T11:00:00Z,NPR,https://www.npr.org/sections/shots-health-news/2025/12/12/nx-s1-5639925/bionic-hand-prosthetic-artificial-intelligence,"Sensors and artificial intelligence help a prosthetic hand act more like a natural one, new research shows.",Structural,Machine Learning,1,1,True
"AI Becomes a Boost for Global Oil Demand, Not a Bridge to Net Zero",2025-12-10T22:00:00Z,OilPrice.com,https://oilprice.com/Energy/Crude-Oil/AI-Becomes-a-Boost-for-Global-Oil-Demand-Not-a-Bridge-to-Net-Zero.html,"Artificial intelligence could help the energy industry tap an additional one trillion barrels of oil by making more of these barrels economical to extract. Wood Mackenzie analysts made the prediction recently, adding fuel to an already heated debate: is AI go…",Structural,"Machine Learning, Predictive Analytics",1,2,True
A McDonald's Holiday Ad Is Creeping People Out,2025-12-10T17:30:00Z,Newser,https://www.newser.com/story/380157/mcdonalds-scraps-creepy-ai-christmas-ad.html,"McDonald's latest holiday ad tried to skewer Christmas stress, but it ended up being pulled after viewers panned it as AI junk. The 45-second spot, produced for McDonald's Netherlands, used artificial intelligence to depict a chaotic ""most terrible time of th…",Structural,Machine Learning,1,1,True
Indoor space intelligent design method based on improved Resnet neural network,2025-12-09T00:00:00Z,Nature.com,https://www.nature.com/articles/s41598-025-29764-y,Scientific Reports - Indoor space intelligent design method based on improved Resnet neural network,Structural,Machine Learning,1,1,True
Inside NVIDIA NVQLink : Faster AI with a Quantum Assist for Real-Time Fixes,2025-12-08T07:12:39Z,Geeky Gadgets,https://www.geeky-gadgets.com/gpu-qubit-error-correction-nvidia-nvqlink/,"What if the future of artificial intelligence wasn’t just faster or smarter, but fundamentally redefined? NVIDIA’s latest breakthrough, the NVQLink, promises exactly that. By creating a high-speed bridge between quantum computers and AI supercomputers, NVIDIA…",Structural,Machine Learning,1,1,True
How Jude Wellington Is Building a Revolutionary Global DJ Culture and Lifestyle Brand Through ITMP,2025-12-05T19:48:52Z,International Business Times,https://www.ibtimes.com/how-jude-wellington-building-revolutionary-global-dj-culture-lifestyle-brand-through-itmp-3792041,"Jude Wellington is on his path to foster a community that encapsulates the essence of DJ culture with an innovative integration of artificial intelligence, creating a paradigm shift in the DJ and events landscape.",Structural,Machine Learning,1,1,True
Advances in deep reinforcement learning enable better predictions of human behavior in time-continuous tasks,2025-12-04T14:00:00Z,Plos.org,https://journals.plos.org/plosone/article?id=10.1371/journal.pone.0338034,"Humans have to respond to everyday tasks with goal-directed actions in complex and time-continuous environments. However, modeling human behavior in such environments has been challenging. Deep Q-networks (DQNs), an application of deep learning used in reinfo…",Structural,Machine Learning,1,1,True
"EarthCam Unveils Command Watch24, Elevating Security for Construction Jobsites",2025-11-19T15:00:00Z,GlobeNewswire,https://www.globenewswire.com/news-release/2025/11/19/3191121/0/en/EarthCam-Unveils-Command-Watch24-Elevating-Security-for-Construction-Jobsites.html,"Upper Saddle River, NJ, Nov. 19, 2025 (GLOBE NEWSWIRE) -- EarthCam, the leading provider of construction camera technology and services, today announced the launch of Command Watch24, an enhanced central station monitoring service designed to strengthen perim…",Structural,Computer Vision,1,1,True
This IIM Calcutta programme is building India's next generation of finance leaders,2025-11-19T12:10:56Z,The Times of India,https://economictimes.indiatimes.com/jobs/mid-career/this-iim-calcutta-programme-is-building-indias-next-generation-of-finance-leaders/articleshow/125436638.cms,"As India's fintech sector races toward the $420 billion milestone, the IIM Calcutta Executive Programme in FinTech and Artificial Intelligence equips professionals with the strategic and technical capabilities to lead digital transformation in BFSI and beyond.",Structural,Machine Learning,1,1,True
Uncovering the hidden cellular connections that bridge aging and disease,2025-11-18T21:28:56Z,Yale.edu,https://news.yale.edu/2025/11/18/uncovering-hidden-cellular-connections-bridge-aging-and-disease,"Using machine learning, Yale researchers have developed a&nbsp;new imaging technique that can unlock signs of aging and disease in human&nbsp;cells.",Structural,Machine Learning,1,1,True
Automation unleashed: Introducing the new Red Hat Certified Ansible Collection for amazon.ai generative AI,2025-11-18T00:00:00Z,Redhat.com,https://www.redhat.com/en/blog/red-hat-ansible-certified-collection-amazonai-automate-ai-infrastructure,"Generative AI demands infrastructure that’s not only powerful but repeatable, auditable, and scalable. From chat bots and content generation to intelligent automation agents, organizations are deploying AI at scale. But with this innovation comes complexity. …",Transportation,Robotics/Automation,1,1,True
Ilya Sutskever Calls for Core AI Research : Scaling Won’t Take Us Further,2025-11-27T11:36:53Z,Geeky Gadgets,https://www.geeky-gadgets.com/age-of-research-ai-shift/,"What happens when the strategies that propelled an entire field to unprecedented heights begin to falter? For artificial intelligence, this is no longer a hypothetical question. After years of breakthroughs fueled by scaling, building ever-larger models and f…",Structural,Machine Learning,1,1,True
A deep learning-based multiscale integration of spatial omics with tumor morphology,2025-11-27T00:00:00Z,Nature.com,https://www.nature.com/articles/s41467-025-66691-y,"Spatial transcriptomics technologies are still too restrictive for widespread clinical use, and methods that have been designed to bridge them with histopathology carry important limitations. Here, the authors develop MISO, a deep learning framework that allo…",Structural,Machine Learning,1,1,True
AI Solutions Trends for UX/UI Design in 2026,2025-12-07T05:21:44Z,Designer-daily.com,https://www.designer-daily.com/ai-solutions-trends-for-ux-ui-design-in-2026-201704,"In recent years, AI development solutions have transformed the way businesses approach digital design. From automating repetitive tasks to generating highly personalized user experiences, artificial intelligence is now a cornerstone of modern UX/UI strategies…",Structural,Machine Learning,1,1,True
57% of US Adults Use Gen AI as Millennials Pull Ahead on Productivity,2025-11-21T09:00:47Z,pymnts.com,https://www.pymnts.com/news/artificial-intelligence/2025/57percent-united-states-adults-use-gen-ai-millennials-pull-ahead-productivity/,"Consumers in the United States may be embracing generative artificial intelligence at record levels, but each generation weighs AI’s promise against its risks differently. The PYMNTS Intelligence report “Generation AI: Why Gen Z Bets Big and Boomers Hold Back…",Construction Management,Machine Learning,1,1,True
What is Mind Mapping? 7 Practical Advice on This Powerful Tool,2025-12-03T17:10:26Z,Lifedev.net,https://lifedev.net/2025/12/what-is-mind-mapping-practical-advice/,"Mind mapping serves as a dynamic visual technique that organizes information in a way that aligns with the brain’s natural associative processes. Developed by Tony Buzan in the 1970s, this method transforms linear thinking into a radial, branching structure c…",Structural,Computer Vision,1,1,True
ショベルカーを「自律ロボット」に変える——建設現場の人手不足に挑むスイスGravis Robotics,2025-12-03T02:09:06Z,Thebridge.jp,https://thebridge.jp/2025/12/gravis-robotics-23m-series-a-autonomous-construction-equipment-iq-capital-zacua,"ETH Zurich 発の Gravis Robotics が IQ Capital と Zacua Ventures 主導の Series A で2,300万ドルを調達、英国・米国・EU での展開を加速 既存の掘削機や...
The post ショベルカーを「自律ロボット」に変える——建設現場の人手不足に挑むスイスGravis Robotics first appeared on BRIDGE（ブリッジ）.",Structural,Robotics/Automation,1,1,True
bonicbot-bridge added to PyPI,2025-11-16T17:16:34Z,Pypi.org,https://pypi.org/project/bonicbot-bridge/,Python SDK for educational robotics programming with BonicBot A2,Structural,Robotics/Automation,1,1,True
rf-mcp 0.26.0,2025-12-15T08:26:38Z,Pypi.org,https://pypi.org/project/rf-mcp/0.26.0/,Robot Framework MCP Server - Natural Language Test Automation Bridge,Structural,Robotics/Automation,1,1,True
rf-mcp 0.25.0.dev1,2025-12-07T21:14:50Z,Pypi.org,https://pypi.org/project/rf-mcp/0.25.0.dev1/,Robot Framework MCP Server - Natural Language Test Automation Bridge,Structural,Robotics/Automation,1,1,True
rf-mcp 0.25.0,2025-12-07T21:14:48Z,Pypi.org,https://pypi.org/project/rf-mcp/0.25.0/,Robot Framework MCP Server - Natural Language Test Automation Bridge,Structural,Robotics/Automation,1,1,True
Checklist for Design System Maintenance,2025-12-05T11:25:56Z,Uxpin.com,https://www.uxpin.com/studio/blog/design-system-maintenance-checklist/,"Checklist for keeping design systems current: governance, tokens, components, versioning, accessibility, automation, and regular maintenance.
The post Checklist for Design System Maintenance appeared first on Studio by UXPin.",Structural,Robotics/Automation,1,1,True
Probabilistic greedy algorithm solver using magnetic tunneling junctions for traveling salesman problem,2025-12-04T00:00:00Z,Nature.com,https://www.nature.com/articles/s41467-025-66864-9,"Solving a task of optimal route search may be challenging for conventional algorithms. Here, authors use tunable random signals from magnetic tunnel junctions to improve a probabilistic greedy Traveling Salesman Problem solver to better balance exploration an…",Geotechnical,Machine Learning,1,1,True
Nvidia launches Nemotron 3 model family as open foundation for agentic AI systems,2025-12-15T15:20:58Z,SiliconANGLE News,https://siliconangle.com/2025/12/15/nvidia-launches-nemotron-3-model-family-open-foundation-agentic-ai-systems/,"Nvidia Corp. today announced the launch of Nemotron 3, a family of open models and data libraries aimed at powering the next generation of agentic artificial intelligence operations across industries. The new family of models will consist of three sizes: Nano…","Structural, Geotechnical",Machine Learning,2,1,True
"AI, MCP, and the Hidden Costs of Data Hoarding",2025-12-15T13:15:24Z,Oreilly.com,https://www.oreilly.com/radar/ai-mcp-and-the-hidden-costs-of-data-hoarding/#BlogPosting,"The Model Context Protocol (MCP) is genuinely useful. It gives people who develop AI tools a standardized way to call functions and access data from external systems. Instead of building custom integrations for each data source, you can expose databases, APIs…",Structural,Machine Learning,1,1,True
